"gene","p"
"NKAIN4",1.85266913381415e-05
"PPFIA4",5.19760329344972e-05
"MIR9-3HG",0.000195448355933408
"AC018641.1",0.000732509834955505
"MYH16",0.000817568381998189
"AC026471.6",0.000961099811516502
"ANKRD6",0.00102678708251616
"PRG4",0.00106046868951825
"LRRC4C",0.0011536707086643
"LRRN4",0.00121919500065234
"SUSD5",0.00125005845420926
"RYR2",0.00139142411539629
"IGLON5",0.00169461765152499
"HEYL",0.00177140767339077
"TSPEAR-AS1",0.00207675278039678
"SHANK1",0.00216487278829975
"NAT1",0.00261838927409998
"CLDN11",0.00266959513783181
"NAV3",0.0028106005334877
"PCDHB5",0.00299467970787194
"SIX4",0.00323661734148986
"FAM155A",0.00357478390230674
"PCDHB2",0.00371673405168745
"ADGRD1",0.00372466924466061
"PCDHB6",0.00407974886925391
"KCNQ3",0.00488025257894265
"XCL1",0.00547968027049152
"PCDHB12",0.00573176278313608
"HBA2",0.00637548239310003
"TSPEAR",0.00646508296823377
"EXOC3L4",0.00709313139722049
"RAMP2-AS1",0.00724406090306768
"DTNA",0.00758012576323426
"PCDH10",0.00883328547824149
"PRELP",0.0096514112456039
"C8G",0.00966052389817705
"TUB",0.0101382523861782
"C5orf46",0.0103687866295602
"EBF3",0.0112406553639351
"SYPL2",0.011300914416448
"PLXNB3",0.01134392594392
"S1PR3",0.0114610487736038
"PNMA8B",0.0115116490590514
"PCDH9",0.0116713889999915
"SFRP2",0.0122561152765131
"NUDT10",0.0125076863680912
"DUBR",0.0128295828731169
"WTIP",0.0129290954331147
"PCDHGA4",0.0130573100444136
"CILP2",0.0135193000842693
"AC093849.2",0.0142880624577578
"SLITRK4",0.0143409513375233
"AC069222.1",0.0150299926832384
"SHOX2",0.0160832076811526
"SLC6A1",0.0163080054588134
"ACTA2-AS1",0.0163434138629292
"INHBB",0.0164390555560276
"ABCC9",0.0166730584623974
"DNAH17-AS1",0.016979697459839
"ARMH4",0.017713605741655
"ASRGL1",0.0181093218470249
"ZFHX4",0.0182277753923115
"LAMA2",0.0187074918527568
"H2BC18",0.0195025228212305
"MESP2",0.0200321419074076
"AP001189.1",0.0204006663622018
"TNS1",0.0204068235900178
"SLC6A17",0.0204969212135512
"DUXAP10",0.0205144764447618
"CCDC8",0.0209233941394106
"CCDC144NL-AS1",0.0212470936433778
"EPHX3",0.0216071232026468
"ARMCX2",0.0228250793228725
"GALNT15",0.0232498502660997
"CYP1B1",0.0235982176584541
"STK31",0.0239505470085863
"AP001528.1",0.0242768537211687
"NRK",0.0251376455762665
"PTGIS",0.0263268618216295
"NKX3-2",0.0269353898232971
"EBF2",0.0277829617662246
"TNFRSF19",0.027889860934456
"SLC2A3",0.0291185618187752
"KCNE4",0.0293647143099556
"APCDD1L",0.0296629155653859
"AL049838.1",0.0297091788852828
"FRG1DP",0.0299433987622014
"LHFPL6",0.0306564749402965
"BST2",0.0310320713466002
"STK32A",0.0316908996124169
"NPR3",0.0318764018772453
"LAG3",0.031920348055273
"KCNK9",0.0319593140419767
"RNF180",0.0324271274690068
"NOS2",0.0330915907044658
"CARMN",0.0334823520636419
"FGF12",0.0339765418241686
"SLIT2",0.0340890810976124
"TGFB2",0.0343665242989007
"FAM126A",0.0346933404955625
"VEGFC",0.0353064831362033
"P2RX5",0.0365139345811166
"LZTS1",0.0366984888911901
"ISM1",0.0376182600510808
"ITGA5",0.0380984027992321
"TRPC1",0.0393369330845265
"CYP19A1",0.0399018580831357
"LTBP1",0.0406189078744843
"KANK4",0.041252421330574
"RTL8B",0.04129319604134
"FOXS1",0.0413033082171976
"B4GALNT1",0.0415027906991461
"PHACTR3",0.0418619026951841
"CERCAM",0.0419466221506601
"NKILA",0.0421168492063679
"PLXNA4",0.0424492242698284
"NPTXR",0.0426908254706302
"GRP",0.043294455063811
"SMIM10",0.0437815199513189
"SERPINE1",0.0441767623160511
"WWTR1",0.0444335566060562
"MAP1B",0.0446425318063076
"LINC01977",0.0447108580644496
"ITIH3",0.04532302242984
"XG",0.0454066966488085
"GDF6",0.0455990836776011
"AASS",0.0460342030823025
"FIGN",0.0461764697658958
"AC080038.1",0.0462131421624494
"SPEG",0.0465536404884064
"AP001189.3",0.0465583689441389
"ACTC1",0.0470489448372838
"SIX1",0.0470801753963652
"NOTCH3",0.0473033279768518
"GLI2",0.0473046801853937
"MAP6",0.048188682228365
"EBF1",0.0489528892932978
"PRTG",0.0490677297524057
"CCN1",0.0491111316193254
"CACNA2D1",0.0494100474259377
"MMP16",0.0500466062171104
"C1QA",0.0502685617321526
"PRICKLE1",0.0504705802885987
"VGLL3",0.0505887104384325
"PGR",0.0508769683115835
"SGCE",0.0515220807598893
"NALCN",0.0524643546688664
"ADAMTS6",0.0535500127699318
"RPRM",0.0554417931798652
"CC2D2A",0.0555693493621899
"SPATA12",0.0558889356516764
"PCDHB16",0.0567179214990076
"GFPT2",0.0579152164938202
"ZDHHC15",0.0580908186254949
"NRP2",0.0581359641861493
"GAS1",0.0586718280027318
"LINC01096",0.0588185128819651
"CGNL1",0.0590287349619683
"IGLV8-61",0.0601076171200632
"PHLDB2",0.0605029180537963
"OXTR",0.0605036391152937
"ACTA2",0.0606240260916237
"ADCY2",0.0609445324287241
"ADAMTS10",0.0613515801565342
"JCAD",0.0624830156325308
"PLA2G5",0.0627015532318068
"TRO",0.0633260389887908
"PLN",0.0639405606020743
"PYGO1",0.0639732601439245
"NUDT11",0.0639857231044559
"COX5A",0.0642077970288834
"CDO1",0.0642720243625298
"ZNF135",0.064382714865645
"ZNF208",0.0647582887223355
"AP001528.2",0.0653328929835189
"IGKJ3",0.0656552616913489
"MN1",0.0658003508561356
"TGFB3",0.0660871701458179
"ICOS",0.066134718955612
"AR",0.0666443170903625
"MIR31HG",0.0667232113178511
"PXDNL",0.0671083201569452
"ZFPM2",0.0672780598784452
"AFAP1L1",0.0675480748450615
"FBXL2",0.0676565686513027
"H4C5",0.067771840737187
"GPR161",0.0678919881837824
"DYNC2H1",0.0691731998509963
"PLCB1",0.0692010076563033
"OPCML",0.0706597128757357
"LINC00702",0.0720976165685234
"MPPED2",0.0723531652060006
"ADAMTS16",0.0725862170651586
"SEMA3D",0.072936932871498
"NUAK1",0.0730814301091447
"ENPEP",0.0731489746749162
"CCDC80",0.0739537809844117
"FN1",0.0740554654111543
"DPYSL4",0.0741671265619552
"AKT3",0.0746539166458024
"LY6H",0.0754436095373688
"OBSL1",0.0760767531353842
"ECM2",0.0770652768052427
"TENM3",0.0781495233822189
"COL22A1",0.0786178720265605
"AC007128.1",0.0807094911108784
"MAGI2",0.0807162518543862
"MEIS3",0.0807274148446996
"PCDHB7",0.0816340229189002
"FAM180A",0.0817424360946802
"SOX11",0.0834604181836027
"ATP10A",0.084063197157981
"FJX1",0.0842276834586841
"WNT5A",0.0843796342284752
"MAP1A",0.0854994622690433
"CHST1",0.0856111336317856
"LGALS2",0.0865728365874837
"TMEM233",0.0866029486224845
"BTBD19",0.0867501321372792
"TSHZ3",0.0871226042117706
"KLHDC7B",0.08724170899022
"ATP8A2",0.088957627319464
"USP51",0.089155370972763
"RBMS3",0.0892655777443608
"BDNF",0.0894145036382503
"WHAMMP2",0.0902305500894538
"ALDH1L2",0.0904425166245826
"MEOX2",0.0909158236279833
"IGLV7-43",0.0909297736290496
"COL4A2",0.0912200744121631
"AC019257.1",0.0922098094226995
"GLRB",0.0922832546406977
"CCN2",0.0925721155678612
"MIR100HG",0.0928131272626049
"PCDHB18P",0.0928354225589485
"AC013470.2",0.0929346057479289
"STON1",0.0935009632846681
"AEBP1",0.0939915057102112
"EFNB3",0.0941901315977033
"CDH2",0.0952657938321321
"MXRA8",0.095352744910475
"REG4",0.0954203215195815
"STC2",0.0963808289754404
"H19",0.0965002285481549
"CPXM2",0.0965943064892046
"CSDC2",0.0966085714167133
"EFEMP1",0.0977924514287316
"DNASE1L3",0.0979236234195495
"ZNF667",0.0979954250437653
"DSG4",0.0981660141276851
"ADAMTS4",0.0994281786831405
"RCN3",0.0994392692890356
"MPDZ",0.100584614284632
"FGF14",0.101040148272346
"MFAP5",0.101168659317092
"TRPS1",0.102282646732641
"ITGBL1",0.103242629957147
"DIO2",0.103939886263913
"PABPC5",0.104075671487331
"CAVIN4",0.104671457567326
"SLC25A5",0.10468402827669
"HDGFL3",0.104686808786104
"ISLR",0.105866501169018
"SSC5D",0.106886943150057
"COL16A1",0.107060028779402
"ADAMTS18",0.10728163552637
"UBE2QL1",0.107990979481367
"AC006262.1",0.107999371329577
"IGKV2D-24",0.108211027408094
"IGKV2D-29",0.108524259602096
"CALML3-AS1",0.109405799731275
"PCDHB8",0.111032884014471
"LINC02418",0.11128441830454
"MEG3",0.111537981089367
"CHSY3",0.111585436645669
"ASPN",0.111835280411229
"RGS4",0.112463781631575
"PEG3",0.113787184075073
"THSD7A",0.114739769448169
"CALD1",0.115023485085368
"COL5A3",0.115211840967576
"CYP46A1",0.115259795622741
"AC092535.5",0.116258128880585
"GLI3",0.118475567438499
"PRICKLE2",0.118827945970375
"FBXL7",0.119822023274814
"DUXAP8",0.120323555001928
"WT1",0.120879787599008
"UCN3",0.120915343536269
"MEIS1",0.121236088804859
"PDLIM4",0.121520453241067
"UQCRC1",0.121770832819432
"SMIM33",0.122245289924003
"ZNF667-AS1",0.122402507948509
"LINC00892",0.122909281800113
"LBP",0.123125406096358
"MAL",0.123253505238311
"AKAP12",0.124226865078319
"FRMD3",0.124549769224093
"TPTEP1",0.12547726738854
"ARL10",0.125616808547289
"LINC01807",0.125765347357145
"TECTA",0.126141963576226
"SPOCK1",0.126272572856538
"HS3ST2",0.12636060618028
"DACH1",0.126466791034629
"SP140",0.126740109204001
"CDK14",0.126959008198223
"SLC11A1",0.127538697403261
"LINC01876",0.127752422653735
"AC007099.1",0.127833871303264
"AL691447.2",0.130190982178321
"AC116345.1",0.130690985450542
"MIR99AHG",0.130715928619542
"DCHS2",0.131397899665048
"C19orf38",0.131944629850388
"C1QB",0.132232247451191
"KRT23",0.132375958261182
"LAMA4",0.132741148288718
"SPRED3",0.133085755763392
"SLC25A48",0.133705641794744
"FAM182B",0.134450212827044
"AL109615.2",0.134553541871628
"SLC6A8",0.135442130961273
"PCDH7",0.135831777161672
"EVA1A",0.136056150692336
"FCRL2",0.136076837151583
"MME",0.136296074839433
"DACT1",0.137428797927211
"MRC2",0.137910936863749
"FST",0.138764946865804
"BGN",0.138889430910444
"AL049844.2",0.139497571392393
"CHROMR",0.141503676085811
"ENOX1",0.142714008022953
"GAS2",0.142937896862765
"AC092376.2",0.143093473573687
"KLHL31",0.143767072374249
"PDGFRB",0.144175203161344
"IGKV2-24",0.1451952417988
"BMPR1B",0.145953015589247
"COX8A",0.147291714834412
"ST8SIA2",0.148766537582726
"CNTN1",0.149684392868644
"THBS4-AS1",0.150730075106268
"FRMD6",0.152891164624427
"APOBEC3H",0.153637413575641
"ADAMTS5",0.153972195290483
"NOX4",0.154693332899155
"CYP27C1",0.154886807000124
"GZMK",0.154940599044698
"LINC02251",0.155700994952212
"FLG-AS1",0.156712102756773
"FERMT2",0.157156449860168
"DDR2",0.157162934600296
"GCNT3",0.159978062440034
"CFD",0.160240044656174
"NHSL2",0.16124514323943
"CCR9",0.162054152061787
"RPSAP52",0.163051892682001
"PAH",0.163182546721706
"PRDM6",0.164528819215473
"MAGEL2",0.165131360627294
"CSRNP3",0.165518724850476
"ZNF853",0.165614429844376
"CPA2",0.165874931239268
"NTM",0.166134399848088
"SPP1",0.167337092953007
"HTRA1",0.167758578390992
"PCDHB10",0.167939792548935
"LRRTM1",0.1682849922679
"PCDHGB7",0.168403748935164
"CCL28",0.169175322446965
"C1QTNF3",0.169325031655916
"CRISPLD1",0.17102228110187
"AP005230.1",0.171538735699362
"JHY",0.171805805283604
"KLF12",0.172322344888839
"OMD",0.172559707235931
"VSTM4",0.173510799607241
"AMOTL1",0.173711050386651
"EYA4",0.173760921362627
"PTGER3",0.1741418812843
"GASK1B",0.175217320961903
"ZNF365",0.176858991764529
"OLFML2B",0.177413018262037
"SLC9A3R1",0.178200997120196
"GBP1P1",0.179014948125562
"TNFRSF13C",0.179242036984517
"LRRC2",0.180610490073417
"AC245100.4",0.180649662810692
"CYP2T3P",0.18068256882146
"NCF1",0.181306122517306
"SPOCD1",0.182798429918699
"MSRB3",0.183670914153696
"TMEM52B",0.183909587476509
"GLIS2",0.184474500812593
"SFRP4",0.184933277204341
"APOBEC3D",0.18496471430659
"PROX1",0.185083887101911
"FGF1",0.186237916508757
"CXCR6",0.186272629819988
"PCDHGA12",0.187550339928825
"MIR4280HG",0.187746543858299
"MIR503HG",0.188067736694084
"ERMN",0.188117416709867
"CXCL13",0.188466486764314
"AC009093.2",0.188810884777033
"PIEZO2",0.188966920937095
"GALNT13",0.189224877052419
"WHAMMP3",0.189548932408049
"IGKV6-21",0.190156507423229
"C20orf144",0.190790132499638
"NRXN3",0.190841943209287
"SCUBE3",0.192161587425805
"ADGRL2",0.19254371821238
"GJC1",0.193080729737109
"IGHV3-41",0.193160876787975
"BNIP3P11",0.195630928795006
"MEDAG",0.196600306657492
"RBMS1",0.196600787250247
"MYH10",0.197248013338444
"ATP5MC1",0.197891511175098
"TBX15",0.198812226160543
"SCHIP1",0.199055558622614
"TMEM61",0.199160307394509
"AC107021.2",0.199281227626809
"MAGI2-AS3",0.199398968208132
"AMIGO2",0.199535549319054
"KLHL4",0.199768548081728
"TSHZ2",0.200149287747954
"MMP14",0.201325045383973
"TGFBI",0.201611821128658
"AGTR1",0.201849690097534
"SPOCK2",0.203378663920498
"NEURL3",0.203612398017462
"LCN2",0.204779481708992
"P4HA3",0.205202105853624
"LARP6",0.20631449417545
"DSE",0.209074169349527
"LINC01579",0.211043978343168
"CACNB4",0.211518560693047
"ETHE1",0.214504919544061
"IQCA1",0.215415288444156
"TNN",0.217290433685866
"DPYSL3",0.217461728915609
"LTBP2",0.218515674734428
"AL021392.1",0.218900865211809
"C3orf80",0.220301877757679
"CXCL11",0.221169559338295
"COMP",0.221721461690171
"LINC01614",0.222366273426282
"CD109",0.223258779732554
"AVPR1A",0.223561962508813
"FCRLB",0.227133929046679
"PCP4",0.228527033451776
"OSBPL6",0.228896193454976
"PXDN",0.229020442777502
"LINC01811",0.229345935838507
"COL8A1",0.230037176424828
"FGF7",0.230541406888857
"PDLIM3",0.231173980618822
"KCND2",0.232200108268411
"IGKV1D-12",0.232270444196231
"PADI1",0.233032703393065
"PNMA8A",0.234573460393003
"HTRA3",0.235601751967381
"CLSTN2",0.235719140473198
"DTHD1",0.235993759629497
"APELA",0.236353749681092
"HHIPL1",0.238048940402776
"BX571818.1",0.238086973556381
"LCK",0.23887174705662
"NAP1L3",0.240293751665533
"SCARF2",0.240409230017575
"ST3GAL6-AS1",0.242564571676649
"SMARCA1",0.246252677798221
"SLC24A2",0.246694227002772
"GPRIN2",0.246894689573394
"FLRT2",0.248494053366228
"HLA-DOB",0.249849445529307
"COL4A1",0.249931072169418
"ADGRF5",0.251069204022247
"THBS2",0.251091003826841
"WWC2",0.251308853445605
"MICU3",0.253592129045865
"C14orf132",0.253846167646771
"AC099792.1",0.254538601636623
"NCF1C",0.25669141271612
"RUNX1T1",0.256940204661603
"LRRC17",0.258145221862603
"AC097634.1",0.258169892586889
"APOBEC3G",0.259154588195695
"MYEF2",0.259829634505784
"HOXD1",0.260501117486914
"ANO4",0.261586986134631
"DDIT4L",0.262418327628326
"UCN2",0.263338443149084
"SERPIND1",0.264628667213673
"AC112694.2",0.264711222808876
"GPX8",0.264712837823256
"HAS2-AS1",0.265298864104165
"DAB1",0.265317513084393
"FNDC4",0.265855933975701
"PPEF1",0.266320452937539
"NKPD1",0.267037160125439
"TMEM45A",0.268608230360371
"GPR15",0.268619453304972
"KIRREL1",0.26979175415147
"PCDH19",0.270472430160705
"GFI1",0.270771923031389
"LINC00578",0.271435052362978
"COL8A2",0.27492263836908
"KCTD16",0.275010352164172
"DCSTAMP",0.276299280678825
"IGHV3-13",0.276432565247504
"SDC2",0.276740612697255
"TRBV20-1",0.27674505169487
"HCG11",0.279309326134617
"LY6G6F",0.280724720982493
"LINC00954",0.281489969268594
"ABCD2",0.283342369613156
"HMCN1",0.284714978219668
"TMEM47",0.286074504256306
"STC1",0.286145931191188
"NNMT",0.287410608165472
"AC226118.1",0.288621955802907
"AL133482.1",0.28879742715109
"ZNF683",0.28879747204183
"TJP3",0.289832570213257
"FSTL1",0.290524202149424
"SLC2A12",0.291398714234857
"ST6GALNAC5",0.291769025345118
"GZMB",0.292808610063272
"WNT2",0.292960140361141
"CFAP74",0.293241347687168
"SRSF12",0.294012971777912
"CASP1",0.294498478486634
"EDAR",0.295670743891258
"LGALS17A",0.296496892694049
"PCDHGA11",0.296544621800846
"SMPDL3A",0.296975228759928
"THBS1",0.299088003407759
"SOX5",0.299107836973958
"PRKD1",0.299652950278198
"CPNE6",0.299664746498646
"MITF",0.301629421825496
"MRPL12",0.30268883923138
"TNFRSF17",0.303684529133639
"ZEB1",0.304642473458679
"SCN2A",0.304782375195771
"VDAC2P5",0.30547060840868
"ARSI",0.305746901754289
"EOMES",0.306046195401205
"TRBV3-1",0.307142687429359
"BEND6",0.307406082505451
"ZNF610",0.307860972318243
"AC009093.1",0.31110817867926
"TIMP3",0.312140449479736
"ZNF521",0.312386837930712
"PRRX1",0.313871614611676
"SLCO4A1-AS1",0.314819904933106
"FIBIN",0.314917616821556
"FAM110B",0.315035804620892
"PDZK1IP1",0.31505421107496
"TBX21",0.315352600875828
"TRBV7-2",0.31559174521549
"NEB",0.315993895020731
"DZIP1",0.316417630766257
"GBP3",0.317174468830812
"RGS17",0.317237954319775
"PLXDC2",0.317271356563852
"TRDC",0.317797678807548
"BNC2",0.318238237865005
"IGFBP5",0.318809263493078
"EVC",0.319355741450083
"IGHV3-7",0.319674641464981
"ANGPTL2",0.321865460077704
"PSME2P2",0.323977791452827
"CCDC68",0.325076167197628
"IFI35",0.325169786223686
"BX322234.1",0.325873871370722
"LINC01235",0.326270478714084
"LILRB5",0.32651080168755
"IGF2",0.327599832950406
"IGHV3-73",0.328093179019868
"ETV7",0.328217005491827
"HLA-DMA",0.329148681987426
"COL5A1",0.330120059171571
"AC026368.1",0.330315841410705
"IGKV1-17",0.330455059236093
"AC108134.3",0.331124244075935
"NR2F2-AS1",0.332968838058327
"AL590004.3",0.333121214873234
"CDKL5",0.333308689974497
"FBN1",0.33467918146419
"IGHV6-1",0.335387242983936
"AC010834.3",0.335708898487634
"AP000695.1",0.336653210995163
"LSAMP",0.338650636221241
"CCR7",0.339926043761485
"FOXC2",0.341165750164185
"SLAMF1",0.341712407712362
"LINC01197",0.341828071968865
"LINC01133",0.342671263122112
"IGHV3-66",0.34345881963308
"IGHV1-45",0.343869838812568
"EBI3",0.344689713419505
"SUGT1P3",0.346109707461597
"NR2F1-AS1",0.346662472793029
"COL27A1",0.346942562232389
"FBLN2",0.347759301324282
"ACAP1",0.348844424029323
"CASC15",0.348858386121808
"MAP9",0.350730026286182
"NKG7",0.351761842544898
"DELEC1",0.352423491755837
"IGHV3-6",0.354713394233827
"AC055717.2",0.356311316987015
"ENDOG",0.358267903119505
"SRPX2",0.35834342346965
"GZMH",0.358879358944592
"TIMP2",0.359517976838878
"AL354993.1",0.361236350256042
"TNFAIP6",0.362991169037968
"PCOLCE",0.364451954087518
"SGCD",0.365914649522389
"AC107294.2",0.366347809352998
"TIGIT",0.366403975163486
"SH3TC2",0.368782508160316
"IGLV2-8",0.370876843223241
"FUOM",0.371170736459175
"BCAT1",0.371494051984743
"PRKG1",0.374471340524422
"GPA33",0.375114095615723
"MCC",0.375973482423619
"AC004837.2",0.376533223966988
"POT1-AS1",0.376929105537301
"FCRL6",0.377341208955641
"MATN3",0.377727749056987
"RASAL3",0.379558112947385
"IGHV4-61",0.379589925815686
"IGKV1OR2-6",0.3797782735177
"IGLV3-19",0.380193499230898
"GNLY",0.380615364123009
"FFAR4",0.381052600030385
"IGHV3-74",0.383075049667811
"SALL4",0.384575142416447
"TAF5LP1",0.384733598365733
"APOL3",0.385078439523588
"DGKI",0.385138340265504
"CR2",0.387415672791286
"IGHV3-64",0.388095092181131
"AL391845.2",0.388447453835038
"IGHV1-2",0.389149695061983
"PMFBP1",0.391812276830161
"OSMR",0.39202512820976
"GREB1",0.394294764546842
"AIM2",0.396294910991293
"POSTN",0.39655408433878
"CD209",0.397266128930781
"ULBP1",0.397316631624005
"THY1",0.399155149562039
"TET1",0.399182452242806
"TRAT1",0.401662050949844
"AC007240.3",0.401808866417954
"SLC44A4",0.402191777856595
"INSYN2B",0.402507591961047
"SLC24A3",0.403079969438732
"AC108463.1",0.403110368309115
"GREM1",0.403465787460667
"ELOVL2",0.403913448130791
"MAP3K4-AS1",0.406405552371408
"USP30-AS1",0.406891545661669
"PLAAT2",0.407734729767981
"IGKV1-16",0.408037029643648
"DOK5",0.408191064716581
"GSDME",0.408907070159048
"CALHM5",0.412162249659982
"PODNL1",0.415059943512639
"LGR5",0.415624202809362
"PSMB8",0.415701704369957
"Z97989.1",0.418832132045373
"TENM4",0.419563804994695
"IGLV5-45",0.42052374431894
"LINC00942",0.420724534849278
"SLC1A3",0.420919924054461
"AKR7A3",0.422492649432563
"TPMTP1",0.42449145324082
"ANGPT2",0.425106547698777
"VCAN",0.425794288106661
"CHST5",0.426286995937175
"AL121832.1",0.426983008817157
"CD6",0.427371817645217
"IL6R",0.427506008233176
"GNG5",0.42790764601329
"PLA2G2A",0.429247880791735
"IGLV1-51",0.429601486966066
"XDH",0.432600953107079
"GUCY1A1",0.433308841982455
"MMP9",0.433334046714088
"PACRG",0.434575701137369
"PLAAT4",0.43583371785307
"RGS7BP",0.438983015575574
"RILP",0.440060189663066
"AK5",0.440794257967929
"IGLV2-34",0.44274328562557
"IGHV3-62",0.443058106654503
"AKR1B10",0.444460969120789
"IGLV7-46",0.444528027886955
"AC004687.1",0.444788668003179
"IFI27",0.445579028379574
"HES5",0.446108055000645
"TYMSOS",0.446323132983042
"CA2",0.447013907840062
"PLPP4",0.448383118801777
"GPC6",0.448408640301545
"PI3",0.448675449833896
"PPP1R3C",0.448883666618309
"CD3G",0.449527649713867
"NUDT8",0.45063157216265
"OR2I1P",0.45178184037858
"IGHV4-39",0.45180989833666
"COL1A2",0.45529124176478
"IGHV1-46",0.45713448984177
"TRGC1",0.458103782629812
"STYK1",0.460304763901458
"TENT5C",0.460648825500851
"IBSP",0.460790380401891
"SLC6A6",0.461216324905166
"JCHAIN",0.463781297526667
"HLA-DPA1",0.46379607394284
"DSEL",0.46431695421591
"FILIP1L",0.464472437758278
"SPARC",0.465849792116567
"ARHGAP9",0.466460969577113
"B3GNT7",0.467579485795612
"C1QTNF12",0.467740864711716
"ITGA11",0.468276673203151
"Y_RNA",0.468671441919897
"PSMB9",0.468748757152306
"PHLDA1",0.47115988407252
"CDC42EP5",0.47179006405154
"MAP4K1",0.473483730658768
"JAKMIP2",0.474206458864207
"ZAP70",0.474842353149231
"COL15A1",0.475036772076782
"SULF1",0.475677306932723
"HCST",0.476122991752464
"COL6A3",0.476595598071294
"C11orf86",0.47793364354323
"GZMM",0.478952877683368
"BTNL8",0.479007497414963
"HDAC2-AS2",0.481626957209651
"FLJ46284",0.481989644973647
"PRDM5",0.482142065828363
"CD38",0.48341858810327
"APOLD1",0.483733883656644
"IGKV1D-13",0.486025491496705
"PLPPR4",0.486346691024412
"IGKV3D-20",0.48947369674244
"IL32",0.489626911726467
"COL24A1",0.490631851630788
"CEACAM7",0.490709604723698
"IGHV3-71",0.491437376628963
"CENPM",0.49144408585222
"KIF26B",0.491688822629821
"AC093908.1",0.493000658543994
"LINC01558",0.493303727697049
"IGHJ3P",0.493898091591707
"PPFIA2",0.494163246313191
"ADAM12",0.494453589245484
"TRBV5-1",0.495492142645666
"CD19",0.496516812935293
"AC016582.3",0.49810574999667
"IGLV10-54",0.498761043561563
"IGLV4-60",0.499256884750836
"AC007493.1",0.499311423417009
"RUNX2",0.499332116043097
"IKZF3",0.500229279639937
"ROBO2",0.501182176923206
"TCF4",0.502924975948117
"PLAC8",0.503334700219147
"IGLV3-16",0.503638377316888
"MLF1",0.504597771387236
"IGLV1-36",0.504894183756128
"SOCS1",0.50677473563744
"AC007406.3",0.507518927571903
"LEF1",0.510513572038051
"TUBAL3",0.511403359826455
"DERL3",0.513092040814213
"IDO1",0.513680873555385
"IGKJ1",0.514826334907874
"SIGLEC8",0.515281729462206
"KLRB1",0.515764759939377
"HPGD",0.516708507816504
"CD2",0.516815628706305
"TRAC",0.516930455249789
"TRBV7-9",0.517472311641866
"OASL",0.518236176430554
"COL1A1",0.519151861729285
"IGHV3OR16-8",0.519578406338682
"LINC00622",0.519878769359518
"GPR1",0.520195261679079
"COL3A1",0.520969911147377
"CD3D",0.520982792588291
"HTR2A",0.524819919169435
"LINC00996",0.526329896337771
"CRTAM",0.526773902774607
"TEX11",0.527318341358847
"SHISA2",0.528178588396606
"CHI3L1",0.528307910931605
"ITGAL",0.528765539037314
"IGLV2-18",0.53001299740732
"TWIST1",0.531446882035625
"PDCD1",0.533458325057513
"GPR176",0.534549568111118
"AC096751.2",0.536150465371211
"FNDC1",0.538420068541238
"LINC00460",0.538507959899362
"AKNAD1",0.540111699761126
"IGKV1D-8",0.540240371480934
"P2RY10",0.541008427001236
"BARX2",0.542470830687377
"IL12RB1",0.542939139173979
"HLA-G",0.543071131171996
"NCAM2",0.543796929341962
"IGHM",0.544662672703436
"RIPPLY3",0.544715562170225
"NR3C2",0.54483505749108
"DNM3OS",0.546167829764397
"PRECSIT",0.546661531884393
"LINC01605",0.549353350466031
"GPR174",0.550864466917301
"TST",0.551027829422289
"TMSB15A",0.551639555916258
"NKD1",0.552959823076821
"MMP2",0.553082655611746
"LOX",0.554417213286429
"C1orf105",0.554927078450567
"ZNF354C",0.554968207178244
"MIXL1",0.555529198467275
"ASB2",0.555608211148337
"NLRP12",0.555720248114814
"MS4A1",0.556201339684696
"IGHV2-26",0.557632420383021
"LINC02345",0.557764952358023
"MOV10L1",0.557980515581714
"FAP",0.558850048799825
"TRBC2",0.560352114467971
"PAPPA",0.561037027305346
"PDGFRL",0.561103175967665
"PRND",0.562853713122038
"SFN",0.563260853691198
"ITGB8",0.563561792899028
"TSPAN1",0.564470122328803
"SNHG14",0.567448470969956
"CXCL10",0.567824046847981
"IGHV1-69",0.569945155768086
"IGHV3-53",0.570923773148501
"MT1F",0.572227224299293
"VWA2",0.573492277072937
"MIR4435-2HG",0.574113802033857
"TMEM238",0.57481491736397
"CRNDE",0.575840409506967
"IGKV4-1",0.575956975640248
"IGHV3-19",0.576032872408904
"AURKAIP1",0.576199998075116
"AC100821.1",0.57700838200204
"KIAA1755",0.579103407983608
"PYHIN1",0.580431089244296
"TIFAB",0.580446177097393
"CXCR2P1",0.581493945381011
"KCNH8",0.583394040914351
"E2F2",0.585270453293153
"FBXL15",0.585525952781463
"NUGGC",0.586191704892051
"IGHV1-24",0.586755305420236
"AC116351.1",0.588321846957137
"LINC00571",0.589921123942291
"MRO",0.590056974615144
"LOXL2",0.59163882634631
"NAPSB",0.593316395142331
"CASP5",0.593425699654617
"MMP25",0.593655681966766
"COL5A2",0.593889198320685
"DSG1",0.593917402154383
"MT1E",0.594495704427597
"ZFP92",0.594742106881115
"CLEC10A",0.595312912937678
"SLC35D3",0.595749109884618
"COL10A1",0.595757977647165
"HECW1",0.597467596653403
"CD69",0.59758013025133
"CTHRC1",0.597934042713724
"SEMA3A",0.599521920753089
"F7",0.600122284043285
"GSDMB",0.600231754847574
"IRF4",0.60049770274444
"PRKCB",0.603418752806011
"CLEC5A",0.604513385541063
"OLR1",0.605009456535415
"LDHD",0.605143094567404
"IGLC3",0.60534571842527
"INHBA",0.606925870953935
"PSME2",0.607484030950715
"PLA2G2D",0.609386673326732
"IGLV3-1",0.610226024588703
"HECW2",0.610447863472021
"FTH1",0.611222181278723
"IGHV3-64D",0.613963829648833
"IGHV3-69-1",0.614203563273568
"TBX18",0.615096999876175
"TMPRSS13",0.615462958677605
"IGHV3-72",0.616123464298303
"MT1G",0.616325785998509
"DLX6",0.61653690610749
"STRA6",0.618593515385126
"LINC02446",0.619986707606801
"AC134312.5",0.620243748690931
"CST7",0.620651814591075
"TRAV12-2",0.621470125123267
"TAFA5",0.621939566646126
"DOK2",0.625487551563995
"IGLV3-21",0.626457744646063
"LMCD1-AS1",0.62647059079858
"HLA-DQB1",0.627089979530231
"IGHV3-21",0.627109928189788
"IGKV2-30",0.627515875285384
"BEAN1",0.62943520007233
"FCMR",0.629687654184015
"POU2AF1",0.631311560024002
"PPP1R16B",0.631422334492705
"CDKN1A",0.631440588534342
"IGKV1D-16",0.631818949967201
"LINC00562",0.632052473994465
"ESM1",0.632135922993966
"EPHA3",0.632394316945884
"IGKV5-2",0.632664848950699
"RTP4",0.633261666916299
"MCEMP1",0.63474222074755
"IGKV1-9",0.63487160383237
"EMX2OS",0.635725425829118
"PCYT1B",0.636215732880423
"SOWAHD",0.637266239191668
"GRM2",0.638104361244967
"IL17RD",0.638649955531028
"DNAH14",0.63876986082649
"LINC01871",0.641087211809363
"RASSF8",0.642776164109399
"RAB31",0.643261766796089
"GPR25",0.643876453831139
"LINC02669",0.644440890271578
"HLA-F",0.644929271862695
"S1PR4",0.645171412854445
"NLRC5",0.645331115105128
"PABPC4L",0.646204676259003
"NID2",0.646738520856596
"MS4A12",0.646872454900117
"NPFFR1",0.648660193711612
"MTFP1",0.64937997062753
"SPIB",0.650862040151488
"MESP1",0.65282863624753
"VANGL2",0.652917881129976
"ST6GAL2",0.65334466830401
"IGHJ4",0.656302701087867
"COL12A1",0.65703402263586
"LTA",0.657139073709043
"SELENBP1",0.658876213163465
"CNIH3",0.659064613615675
"WNT5A-AS1",0.659265842028717
"GLT8D2",0.661363445317113
"IGHD",0.664265446840203
"AMN",0.664346594850821
"CD244",0.667944817282503
"RP1",0.668012828463898
"CD48",0.668473947829267
"COL7A1",0.6701373134547
"ATP5F1D",0.670155232345431
"CD79A",0.670317386319702
"AL163953.1",0.670688542270695
"RNASEH2B-AS1",0.670797194533354
"CLECL1",0.672613871342812
"HLA-DPB1",0.673098602443568
"TRAM1L1",0.67327482082126
"TAP1",0.674328883218397
"SCARA5",0.674735101594355
"GJA1",0.675504470779726
"SLC40A1",0.675553991500636
"DCN",0.676023377161647
"FCER2",0.676585443388687
"SIT1",0.677140335914971
"TMEM231P1",0.678258896957872
"KRT17",0.678317022129512
"ZNF831",0.678800503928144
"IGHV3-20",0.679590012819335
"PTPN7",0.679749754439859
"IGLV1-47",0.681439728022754
"TRBC1",0.681694604866865
"ITM2C",0.683264986859279
"FCRL3",0.684223956837823
"IGLV4-69",0.685111908959601
"MLC1",0.685356523086315
"KLF4",0.685597884968289
"CDH11",0.685993344043681
"CLDN7",0.686307485347421
"HLA-DRA",0.686628766222948
"MSC-AS1",0.686851028681892
"TBC1D10C",0.687302999632279
"SECTM1",0.687452399645505
"IGLV2-5",0.687633037808003
"SIGLEC15",0.688208440113858
"ACAN",0.688805792542572
"IGHV1-18",0.689128603870832
"OR51E1",0.690153716358806
"SNCAIP",0.690395621634719
"TMIGD2",0.691608937402345
"GPR171",0.692465567707789
"CD8B",0.692835203548886
"NINL",0.694060747847275
"AL353593.1",0.69449750617178
"ANTXR1",0.695159931974212
"LINC01615",0.6958298455965
"ADTRP",0.69775823855437
"DUOX2",0.698169973216635
"LEF1-AS1",0.698482264438443
"SIRPG",0.699258948553959
"PTCHD4",0.699846615194698
"SERPINA10",0.699896496540998
"KIR2DL4",0.701597438263682
"LDLRAD3",0.701855010382785
"UBASH3A",0.704960230345605
"RASSF8-AS1",0.705853592333754
"SLAMF6",0.706087888065064
"C2orf27A",0.706960205739152
"TNNT2",0.707205714548603
"LUM",0.707427897800527
"IGHV1-67",0.707460641145578
"IGLV9-49",0.708679560906706
"AC004540.1",0.710570678427831
"XIRP1",0.711957656143777
"LY9",0.713243332073063
"THEMIS",0.713668026469617
"NREP",0.714003819479969
"CD40LG",0.714357605359864
"IGLV3-27",0.716982234412979
"IGHV3-11",0.719243776033835
"HLA-DMB",0.720551090168694
"DHRS9",0.722437067065787
"RNF5P1",0.722543101456196
"PTPRH",0.725041113512286
"AC005062.1",0.725820760398782
"ITPKA",0.728598587068401
"TSPO",0.728647871290864
"TRAV13-1",0.728852337343747
"SCUBE1",0.730555216684679
"AL158064.1",0.731842172310412
"VASH2",0.733379020686607
"IGKV2D-40",0.733629034146298
"MANEA-DT",0.734147633248846
"SGIP1",0.734850360852966
"BLK",0.735339930533507
"CXCL9",0.735945139784272
"CORIN",0.736220073006043
"PMEPA1",0.736407583477619
"CD7",0.740374870371588
"CTSK",0.741853135772928
"IHO1",0.74320404686124
"AQP9",0.743221152327665
"BICC1",0.74324425514499
"ROBO1",0.746422783037539
"FER1L4",0.746612539435011
"IGLV2-14",0.746615417384412
"SLA2",0.747728257212844
"ENHO",0.748116538987862
"AC099565.1",0.750871877909088
"PDPN",0.751724081578606
"AC010184.1",0.751932516365093
"TRGV10",0.75445741780637
"IGHV4-31",0.754691411076113
"LINC01561",0.756311052193115
"IGHJ2",0.756731748366118
"RFX8",0.757234332954377
"IGKV1-5",0.758159144305233
"IGLC7",0.758425088149008
"MRPL41",0.758855732010797
"HAS2",0.759799802176975
"IGLV2-11",0.7604790730417
"CCL5",0.76075432493923
"MT1H",0.762662513237976
"WASF3",0.765082469168045
"EPYC",0.767070027598967
"XCL2",0.767411461712717
"COMTD1",0.768106258737795
"UBE2L6",0.768717708589493
"MACC1",0.770333652672926
"ASS1P1",0.771038852329228
"IRF1",0.772463811948613
"TENM2",0.772979716027616
"DEGS2",0.773300431712188
"ZNF469",0.773838627634989
"PKP1",0.774798193468141
"CDH6",0.774937921302028
"EMC6",0.77623496922025
"IGHV3-15",0.777103190626508
"ADAMTS3",0.779287948705486
"PSMB10",0.77979824106235
"CHCHD10",0.78006653264709
"CPXM1",0.78168056709592
"HLA-DRB5",0.782470271569848
"NEK10",0.783823750518429
"COL11A1",0.784112479513583
"CD79B",0.785031716996128
"LPL",0.786531014700741
"CYP7B1",0.786959693460133
"DKK2",0.788822804680667
"GUCY1A2",0.789202011831518
"AC099066.2",0.789249113536165
"IL18RAP",0.789330284194605
"TMEM37",0.789398551022401
"TNFRSF13B",0.790485692966055
"ITGB7",0.790581186849662
"SYNDIG1",0.790613447372981
"EPHA10",0.79152181836623
"KLRC1",0.793167419859248
"ZNF660",0.794169807418552
"DOK6",0.794318976988666
"IGHV2-5",0.796142049306671
"CCN4",0.797998682536208
"LINC01094",0.798420631263233
"APLF",0.798735335290187
"CTSW",0.799293835578054
"HLA-C",0.799584301389412
"IGHV4-55",0.79969119219443
"IGLV1-40",0.800994630811395
"SLC9A3",0.8010911423854
"IGKV3D-11",0.80110734767005
"FGF19",0.80119642725506
"IGKV1-27",0.804058214124899
"CD96",0.80468238734868
"CES3",0.806020919787245
"LRRC15",0.80621189649247
"PCDHB3",0.808263888963939
"IGHV4-34",0.80863405733572
"IGHV3-23",0.808705016385914
"TK1",0.810523133599271
"MGAT2",0.810565694932476
"VPREB3",0.81089066274769
"KIAA1549L",0.811036612899502
"TRBV19",0.811567841213676
"WFDC3",0.812241118046916
"ALPI",0.812292284000172
"TRGC2",0.815880040456741
"NDST3",0.817407702601704
"CPNE5",0.817609284307386
"CDH13",0.817971661792176
"IGKV3-15",0.8188140539384
"IGHV5-51",0.8198036361011
"C15orf48",0.820350751264173
"C6orf15",0.820467761955989
"IGLL5",0.820555039454364
"MT1M",0.82147715130284
"FREM2",0.822470302690325
"IL9R",0.822490917358461
"EDA2R",0.824701856276255
"AC009975.1",0.825953598690937
"LINC01752",0.826922921047819
"SNAI2",0.827635537370703
"SLC22A18AS",0.827952004473989
"IGKC",0.829923627541138
"SQOR",0.830670926079392
"IGKV3-11",0.830702667324967
"SLC22A3",0.83111328966733
"CFAP20DC",0.831371488417146
"AC079145.1",0.831522764195485
"SLAMF7",0.833183574485804
"NCR1",0.833918865217703
"CA3-AS1",0.8362453037178
"SLAMF6P1",0.836959066661303
"TRIM40",0.837786396356276
"CST4",0.838423013150657
"HLA-DRB1",0.839144772643673
"CALCA",0.840488389258828
"C2orf72",0.840994010599252
"ID1",0.842129034182817
"IFNG",0.842548477329302
"ECHS1",0.842783426378581
"PROX1-AS1",0.842814429245085
"IGHV4-59",0.843843208201709
"BATF2",0.844774590845361
"RHOF",0.845398958037889
"IGKV3-7",0.846497554923335
"EDNRA",0.851092043281149
"AHCYL2",0.852281724784508
"LINC01705",0.852780516320614
"ITK",0.855039347775208
"TREM1",0.855348701577182
"SLCO2A1",0.857628630025792
"MUC1",0.862347427044967
"PSME2P1",0.862390925896995
"CCR5",0.862485201205692
"FOXQ1",0.862662326724413
"RASSF9",0.864093745624806
"MXRA5",0.864600391831609
"GBP5",0.864730522736979
"PRF1",0.864741986575582
"SDCBP2",0.864956138765994
"AC091182.2",0.865372402795259
"MZB1",0.867725771703286
"IGHV1OR15-2",0.869316011209697
"IGHA1",0.871271224320698
"TMEM82",0.871382913465215
"ICAM3",0.871679865397171
"TMEM54",0.872903485315353
"C17orf97",0.874420102780486
"CD27",0.874616787923897
"CKMT1A",0.874938079173178
"DPM3",0.87677403514652
"FAT3",0.879240500063831
"PCDH17",0.879841037188333
"CCDC148",0.882572795725788
"CLDN1",0.882894288841396
"PDXP",0.882941953963002
"MMP13",0.884766019775686
"SH2D1A",0.885221745232377
"GDPD5",0.887914886973424
"PCDHB9",0.889102651231977
"AC011346.1",0.889494146589171
"IGLV3-25",0.889747013486465
"GPT",0.891702734999646
"SH2D1B",0.89179811584941
"IGFL4",0.891999666854879
"AC073840.1",0.89202713979742
"ANOS1",0.89544639985442
"SLC13A3",0.895953197893993
"TNFRSF18",0.89634059312761
"TRG-AS1",0.897019489547361
"TTLL6",0.897270309583331
"MADCAM1",0.897393290979114
"CKB",0.90049730770464
"DKK3",0.90119141805696
"IGHV3-33",0.901559821410618
"CD52",0.901661728673647
"KLF7",0.901699553585723
"IGHV3-48",0.903004023826825
"TESPA1",0.903088435761284
"IGHV2-70",0.904625708113898
"TNFSF4",0.9049451499854
"R3HDML",0.906022374679925
"TNC",0.907359430014762
"IGHV1-3",0.907872562260504
"IL2RB",0.908577751519397
"AL929091.1",0.909824715587542
"NBEAP2",0.91030701130958
"TMEM150C",0.910467863982378
"KCNJ15",0.910825223309761
"LRRC36",0.911928248374984
"IGHV4-28",0.912811838033761
"IGLV3-10",0.913232755657864
"RASL11A",0.913821209998936
"PDGFC",0.914069297154911
"IGKV1-12",0.914626534368262
"IGKV1-6",0.915414817239057
"LAX1",0.916490835200877
"MFAP2",0.918055253539614
"FASLG",0.918276450310404
"ALPK2",0.918949048137433
"FAT4",0.919900668185666
"SEPTIN1",0.920913986745321
"MMP11",0.921506101482367
"ADAMDEC1",0.923056800217013
"IRF8",0.92598802666335
"IGHV3-30",0.926456530512798
"RNF186",0.929014146916918
"SHISA6",0.929469237507783
"IGHJ3",0.932366867660288
"IGKV1-8",0.93300641361283
"ADAMTS12",0.93306404936611
"RGL4",0.933129141002963
"CYP2C18",0.933805611398481
"SASH3",0.934360208535303
"AC037198.1",0.934634994260228
"LRRN1",0.935026973942958
"ANKFN1",0.935649999839562
"FOXA1",0.936586612477893
"PWWP3B",0.937899934342139
"BTLA",0.938801389751937
"IGLV6-57",0.93929775077667
"APOL1",0.939386522579345
"HLA-B",0.94149060425179
"AL157700.1",0.941944493071335
"NLRC3",0.942142114921512
"TLR10",0.942227082653078
"ADCY1",0.944227665717673
"ALKAL1",0.944258639326982
"NPTX2",0.945061477013344
"IGLV1-44",0.945814155628073
"ADAMTS2",0.945925381133554
"CHN2-AS1",0.946235295271957
"CD3E",0.94755798811073
"GZMA",0.948054344116008
"SCO2",0.948990429387001
"CALHM6",0.949941113839768
"ZDHHC12",0.951483448050711
"IGLV1-41",0.951591804623738
"CIITA",0.952434325630091
"IGLC2",0.954257022234456
"AC026369.2",0.954462131605034
"FGF18",0.954757344399572
"TMEM156",0.959438835633183
"NCR3",0.961368122769999
"IGKV3-20",0.963008017030616
"MAP7D2",0.968457520782741
"CD247",0.968717233685711
"ITM2A",0.969299914391647
"IGLV3-9",0.969377126612046
"KIAA2012",0.969416079481036
"CARD16",0.971201316664131
"AC004522.5",0.971555343132771
"ALKBH7",0.971637091477355
"MEX3A",0.97178473033875
"IGLV2-23",0.972304431458507
"CD8A",0.974261023520158
"RHOH",0.977727646086695
"DCLK3",0.978968227300404
"IGHA2",0.98005134545253
"CCL19",0.980729801254272
"TNFSF13",0.98077928423926
"GBP4",0.981699725659296
"PIGR",0.984510485025135
"DLX6-AS1",0.985233346956968
"GBP1",0.985661655712701
"ACADS",0.985884833528783
"STARD4-AS1",0.985966873499015
"FSTL4",0.986842630483553
"HMGA2-AS1",0.986999028680861
"CD74",0.987955289037733
"CYBA",0.988878845733149
"IGHV2-70D",0.989046703192984
"IGHV3-49",0.989477024219901
"GRAP2",0.989828423685854
"SCEL",0.990928259417843
"PCDHGA10",0.991038954622868
"MPIG6B",0.991651691034617
"ASS1",0.99208371152017
"ACSS3",0.992458288002619
"NAT8B",0.994844606372005
"HS3ST3A1",0.995304882126419
"TRBV29-1",0.995717054806272
"SLAMF9",0.995843960725033
"FBXO6",0.996158163845316
"IGHV4-4",0.996987479621466
"CSMD2",0.997132230577241
"GRASLND",0.998461662295858
"TCL1A",0.998761970879277
