"gene","HR","p","adj_p"
"NKAIN4",1.73878566810654,2.54563162232248e-05,0.0344933084824696
"PRG4",1.31547986255266,0.000129662437551069,0.0876378741495179
"SYPL2",1.71165190534374,0.00019403219368897,0.0876378741495179
"CLDN11",1.3957005964695,0.000473294934199438,0.0916163765486055
"SIX4",1.48912916227333,0.000462499769037104,0.0916163765486055
"SUSD5",1.54392026068234,0.000320007961652392,0.0916163765486055
"MIR9-3HG",2.94753213354069,0.000346226936599106,0.0916163765486055
"ADGRD1",1.54421117136143,0.000730317373215411,0.103111615842633
"IGLON5",1.64650127127821,0.000649479354186254,0.103111615842633
"LRRC4C",1.96793454259238,0.0007800604801785,0.103111615842633
"EXOC3L4",1.40049499729645,0.000837068468095177,0.103111615842633
"PRELP",1.16142900123401,0.00108856617440146,0.122917263859498
"PLXNB3",1.3153302422259,0.00129912914223599,0.135409229825367
"PCDHB2",1.44984622030749,0.00289687108721408,0.178056053384402
"WNT5A",0.79425164537456,0.00270004894777959,0.178056053384402
"LRRN4",1.53362179413918,0.00328941031134631,0.178056053384402
"H19",1.11197406290305,0.00224361256076118,0.178056053384402
"DTNA",1.31371320976058,0.00367683660190943,0.178056053384402
"ACTC1",1.28581826781268,0.00214558327992049,0.178056053384402
"INHBB",1.17459279141483,0.00217036838852783,0.178056053384402
"HEYL",1.31791893594929,0.00317523620925454,0.178056053384402
"TSPEAR",1.31030610689596,0.00359456632048157,0.178056053384402
"C8G",1.20604423162421,0.0024619062239995,0.178056053384402
"SPATA12",0.66375718885799,0.00326939753965967,0.178056053384402
"LAMA2",1.24757376310017,0.00334195450349903,0.178056053384402
"RYR2",1.41520544492784,0.00209460153297589,0.178056053384402
"PNMA8B",1.75939835868942,0.00280073836746941,0.178056053384402
"LINC00702",1.57165033168927,0.0036793870810061,0.178056053384402
"MYH16",1.71081901412264,0.00476387267451222,0.182860961010586
"PCDHB5",1.55230699499287,0.00441183757729836,0.182860961010586
"XG",1.31423696681493,0.00434941278822951,0.182860961010586
"XCL1",1.30077941319846,0.00469601549016619,0.182860961010586
"SHANK1",1.92671947710062,0.00394681150144872,0.182860961010586
"CSDC2",1.2782753320431,0.00485829859511521,0.182860961010586
"S1PR3",1.34380419379349,0.00423474571112949,0.182860961010586
"AC093849.2",1.33680989247484,0.00446342522602109,0.182860961010586
"PTGIS",1.16652064576586,0.00646679051286537,0.230592135392963
"SFRP2",1.09195633539587,0.00633072621760049,0.230592135392963
"SPEG",1.22883993264433,0.00752879524028147,0.246623117544604
"FGF12",1.87908332649869,0.00764440659547849,0.246623117544604
"HBA2",1.14827462384306,0.0074663079862824,0.246623117544604
"RTL8B",1.26188445572195,0.00760304208927329,0.246623117544604
"TNS1",1.14931835583662,0.00805385491010568,0.253790079144028
"KCTD16",0.393843872157915,0.00868156714739302,0.267352806470853
"ANKRD6",1.46193767903819,0.00905706999712491,0.272718441024539
"CDO1",1.2250574256382,0.00933475733688302,0.274969482423402
"NOS2",0.886180995114696,0.0107702437327613,0.276655593347363
"TGFB3",1.18516309956233,0.0105013529056812,0.276655593347363
"GRP",1.16208308192144,0.0110253889599687,0.276655593347363
"AGTR1",1.22656877157995,0.0101974209052309,0.276655593347363
"CILP2",1.22998719037654,0.0104152967631306,0.276655593347363
"ICOS",0.747644315158272,0.0107351749577637,0.276655593347363
"MAP6",1.35085149851047,0.010365276039919,0.276655593347363
"FAM155A",1.43643286137282,0.0109396295277489,0.276655593347363
"ABCC9",1.29023497276522,0.0114470182147599,0.276976958589279
"ASRGL1",0.811335928218637,0.0112613742551824,0.276976958589279
"DNAH17-AS1",1.9573962996209,0.0118632947857651,0.282013411135294
"EBF3",1.47176898262388,0.0125197466040396,0.287534456874373
"PLA2G5",1.25758597927013,0.012778233103229,0.287534456874373
"CGNL1",1.2566894319637,0.0129135797387932,0.287534456874373
"PPFIA4",1.48684206453885,0.0129443556231267,0.287534456874373
"NKX3-2",1.25910270664165,0.0133048374015011,0.29077507546829
"NAV3",1.51726716302066,0.0146010337596748,0.290947069769991
"NPR3",1.22766013891717,0.013996285460017,0.290947069769991
"NUDT10",1.38003896661357,0.0142746413576534,0.290947069769991
"SIX1",1.36796030731755,0.0142124484266192,0.290947069769991
"TNFRSF19",1.164742610465,0.0135984390845394,0.290947069769991
"NAT1",0.786533761240218,0.0144381869736141,0.290947069769991
"AC018641.1",1.27198971724028,0.0149120636084727,0.29283835057218
"WWTR1",1.18932052126706,0.0160802450692849,0.311267600984015
"PCDH10",2.09086773778215,0.0165497286692623,0.315843413335921
"MN1",1.24279189088444,0.0179197041409064,0.337238876540669
"FOXS1",1.25373441700191,0.0183878158791688,0.341308089264024
"MPPED2",1.65227850013846,0.0194440823959931,0.35195515148508
"EYA4",1.51560234496447,0.0200004034423256,0.35195515148508
"NPTXR",1.16453294874454,0.01962298045027,0.35195515148508
"AC026471.6",1.62059144051207,0.019806089473701,0.35195515148508
"TSPEAR-AS1",1.33216580610968,0.0206037266173929,0.35792371239189
"KCNE4",1.20748003761517,0.0222262392236006,0.381222204404795
"ACTA2",1.15174352789475,0.0234961932089097,0.393053602445342
"VEGFC",1.23861921398781,0.0232880951668354,0.393053602445342
"TGFB2",1.2191621032388,0.0250879308505697,0.409568027741228
"CCDC8",1.20755165590463,0.0250810564596716,0.409568027741228
"AL049838.1",1.30008957319772,0.0273851466074992,0.441748495870969
"AP001189.3",1.22829169503914,0.0280649292620421,0.447387990000789
"NOTCH3",1.18224347531184,0.0289493937983043,0.454434940502529
"PRICKLE1",1.39021542461565,0.0291777415673211,0.454434940502529
"TUB",1.29260486793365,0.0304749021890081,0.458816582956733
"CERCAM",1.16461982781639,0.0298558112051175,0.458816582956733
"DSG4",0.667557353915085,0.0304692609859718,0.458816582956733
"EPHX3",1.21424894974056,0.0316006043219779,0.465421944090001
"DAB1",0.672711622792432,0.0315688126931628,0.465421944090001
"WTIP",1.38493267945882,0.0320890361766428,0.467533806659689
"SLC2A3",1.14638176745104,0.032944989693427,0.469899589837827
"GALNT15",1.200571035016,0.0329426152353271,0.469899589837827
"ANO4",1.62012941667182,0.0342944248782607,0.474172915408605
"PLN",1.10105061956798,0.0340194667099964,0.474172915408605
"EBF2",1.38828195073272,0.0338906767649343,0.474172915408605
"PGR",1.41870666894789,0.0364786986079116,0.494286366137202
"ZFPM2",1.2980511727199,0.03629624877702,0.494286366137202
"PCDHB7",1.32120247194314,0.0380417689026752,0.502757339741259
"CXCL11",0.910130996474652,0.038216978592878,0.502757339741259
"SSC5D",1.13904630815322,0.0377943755524123,0.502757339741259
"LZTS1",1.2103100170096,0.0402739726928795,0.519747490441174
"LHFPL6",1.19303743917465,0.0402756357906445,0.519747490441174
"PCDHB12",1.28070391224613,0.0427998834886094,0.533705511231645
"CPXM2",1.12235815924948,0.0429327680621766,0.533705511231645
"GAS1",1.10869166887526,0.0418264872564944,0.533705511231645
"DACH1",0.891877477012284,0.0422146466914596,0.533705511231645
"KANK4",1.25613713668697,0.0443809282911049,0.536929980664707
"MESP2",1.25094144259749,0.0440836029812343,0.536929980664707
"PCDHGA4",1.59011293037368,0.0441250075759253,0.536929980664707
"ZFHX4",1.26686445314571,0.0462826801612622,0.554982580694782
"FJX1",1.1890335419961,0.0471993871698736,0.561010259782269
"P2RX5",1.24864324528053,0.0494497007971428,0.563061719160743
"MXRA8",1.1507994818021,0.0491392004776659,0.563061719160743
"STK32A",1.50652729454477,0.0486581608474913,0.563061719160743
"ARMCX2",1.17225140680963,0.0491953952675107,0.563061719160743
"AC004837.2",0.814291258447101,0.0480461484784811,0.563061719160743
"SGCE",1.28029769458234,0.0503325068197921,0.568294670974121
"CXCR6",0.83533291198758,0.0507480850094971,0.568294670974121
"MAP1B",1.15996073393167,0.0512341386565772,0.569034900652968
"ITGA5",1.13625032085944,0.0528201971787656,0.581881033961198
"ISM1",1.14036771528223,0.053799266623878,0.583643307600407
"BMPR1B",1.25841131851392,0.0547030996791525,0.583643307600407
"GDF6",1.39528626260363,0.0543715884937745,0.583643307600407
"SMIM10",1.16505975760041,0.0543251967587681,0.583643307600407
"LINC00571",0.66920922456945,0.0555901214359967,0.588473551138871
"RCN3",1.1591022841976,0.0562035872744542,0.590355509743298
"ETV7",0.856402617948986,0.0574068689637782,0.59221197221099
"HOXD1",1.28318847260752,0.0583867474495855,0.59221197221099
"PHLDB2",1.16633161207559,0.0584382198532739,0.59221197221099
"SLC6A17",1.54319629299387,0.0585656120120093,0.59221197221099
"AC099792.1",0.747382275222143,0.0569650015138876,0.59221197221099
"CNTN1",1.18425863888602,0.0758435282451796,0.594549319917641
"LTBP1",1.15527786782048,0.0668936476965859,0.594549319917641
"ADCY2",1.51095881625808,0.0744742343774996,0.594549319917641
"MEOX2",1.1520543208999,0.0625690943042632,0.594549319917641
"EFEMP1",1.10623057674274,0.0760420732446256,0.594549319917641
"HS3ST2",1.19415943581949,0.0725585668280835,0.594549319917641
"OBSL1",1.12302037242037,0.0746600285935543,0.594549319917641
"GLIS2",1.16472231696544,0.0638388125909112,0.594549319917641
"ISLR",1.11032502777404,0.0686938997851008,0.594549319917641
"SLC6A8",1.11851819861641,0.0772255943214058,0.594549319917641
"CYP1B1",1.11490867380376,0.0712052784553983,0.594549319917641
"ARMH4",1.25224974526946,0.0675981192754478,0.594549319917641
"NLRC5",0.841303748906614,0.0708123340577586,0.594549319917641
"ADAMTS10",1.23165639118166,0.0684097200856878,0.594549319917641
"UCN2",0.786459396610382,0.0639841371805971,0.594549319917641
"SLIT2",1.15831256021929,0.0644930015450995,0.594549319917641
"ADAMTS16",1.19599943705713,0.0681683098859472,0.594549319917641
"DPYSL4",1.25672504001183,0.0764387372731544,0.594549319917641
"CACNA2D1",1.1691056338157,0.074900404591386,0.594549319917641
"CXCL13",0.916568423009555,0.0714151986397658,0.594549319917641
"ITIH3",1.16031416386149,0.0766817203999666,0.594549319917641
"EBF1",1.21274909898889,0.0746464200178314,0.594549319917641
"HTRA1",1.13888764236383,0.077017242632779,0.594549319917641
"TAP1",0.8694897393611,0.0728771247615911,0.594549319917641
"MAL",1.15226694417145,0.0742545326315828,0.594549319917641
"C1QA",1.11975557258816,0.0709868713102084,0.594549319917641
"LY6H",1.21365686846457,0.0765186352828736,0.594549319917641
"RPRM",1.19320958328196,0.0717575354709236,0.594549319917641
"SLITRK4",1.45891401449885,0.0624582970192942,0.594549319917641
"FAM180A",1.21630800267624,0.0629923374708825,0.594549319917641
"RAMP2-AS1",1.29033246806223,0.0710379937944817,0.594549319917641
"APCDD1L",1.24948438525986,0.0725547584481045,0.594549319917641
"CALML3-AS1",2.02390574840306,0.0670004957865504,0.594549319917641
"DIO2",0.854835041021683,0.0599453713110245,0.594549319917641
"LINC02418",0.926308196819388,0.0724382364999904,0.594549319917641
"UBE2QL1",1.26254635798214,0.0743094369586077,0.594549319917641
"SUGT1P3",0.777061823815437,0.0600591482973479,0.594549319917641
"STON1",1.16885554225745,0.0661033215452273,0.594549319917641
"APELA",0.645710798518742,0.0685631679674947,0.594549319917641
"LINC02251",0.800583247718156,0.0766923913715254,0.594549319917641
"PCDHB16",1.16766040306243,0.0771485613542917,0.594549319917641
"NKILA",1.17191489094143,0.0639946547550295,0.594549319917641
"GLRB",1.25014630838589,0.0795148427172754,0.603462173762959
"LRRC17",1.20242561554188,0.0807953200174156,0.603462173762959
"ATP8A2",1.55028817589288,0.0807461836352988,0.603462173762959
"PLXNA4",1.2542105170267,0.0810554358855045,0.603462173762959
"TMEM233",1.32415987868017,0.080271560322856,0.603462173762959
"LINC01096",1.30861397782031,0.079891404471833,0.603462173762959
"E2F2",0.829262069754572,0.0818613971197096,0.604653778453326
"LAG3",1.15741616599486,0.0832122641907592,0.604653778453326
"COMP",1.06846267028521,0.0828503122774338,0.604653778453326
"PCDHB6",1.31682137263583,0.0834466838160679,0.604653778453326
"PSMB9",0.877211111915487,0.0828101935887209,0.604653778453326
"MEIS3",1.18433347784038,0.0897245696004857,0.617406432869626
"WNT2",0.892683826016239,0.0924562990816749,0.617406432869626
"NRK",1.26770768487033,0.0902635457658136,0.617406432869626
"SLC6A6",0.897944562218626,0.0904776041494785,0.617406432869626
"PDLIM4",1.12965782099813,0.0870294281315926,0.617406432869626
"FCRL2",1.25937524192241,0.0869327971177604,0.617406432869626
"PRDM5",0.799350985548699,0.0936865666452408,0.617406432869626
"TRPC1",1.20733159523754,0.0938712077848917,0.617406432869626
"FUOM",1.13626038610821,0.0949725608467201,0.617406432869626
"BEND6",1.37864596670867,0.0888162712874924,0.617406432869626
"SPOCK1",1.0973367887911,0.0876599658057615,0.617406432869626
"SLC6A1",1.45485518455651,0.0937466830784292,0.617406432869626
"LRRC2",0.862079897165846,0.0891320315528545,0.617406432869626
"RNF180",1.23215943380301,0.092945584963162,0.617406432869626
"MAP1A",1.14263468214554,0.09170569823574,0.617406432869626
"AR",1.23969499102503,0.0953719652876578,0.617406432869626
"DELEC1",0.662654017179766,0.0935895822691077,0.617406432869626
"NAP1L3",1.18148395406638,0.094363596577038,0.617406432869626
"C14orf132",1.16465894577137,0.0858270352231708,0.617406432869626
"HDAC2-AS2",0.547455676048656,0.0956866058321929,0.617406432869626
"CCDC144NL-AS1",1.4690048169734,0.0952097659522526,0.617406432869626
"RNF5P1",1.1220855520455,0.0936443420708006,0.617406432869626
"AC007406.3",0.760492837726061,0.0903635884478827,0.617406432869626
"NRXN3",1.15313480406788,0.100337921412341,0.62287958043171
"PTGER3",1.18557768906453,0.100412392680304,0.62287958043171
"BST2",1.08920194037834,0.0986587805117396,0.62287958043171
"AKAP12",1.09276987375522,0.0989864418406613,0.62287958043171
"ADAMTS18",1.40945551374871,0.101131739996292,0.62287958043171
"FCRLB",1.24440128473252,0.0994408744216276,0.62287958043171
"C1orf105",1.221532544234,0.0973819677573597,0.62287958043171
"CFD",1.07541326300362,0.0998622384629554,0.62287958043171
"IGLV8-61",0.95021817841563,0.0991716630481641,0.62287958043171
"PCDHGB7",1.19281808504638,0.101054583637121,0.62287958043171
"SHOX2",1.27129076770539,0.102855362603263,0.63057021132309
"ATP10A",1.25849285821442,0.103311134253672,0.63057021132309
"BGN",1.09137084887626,0.10405073998692,0.632236559113347
"REG4",0.960913733805555,0.105001076019489,0.634251713749756
"CASP1",0.898176043602078,0.107237896430789,0.634251713749756
"CCN1",1.10403230102241,0.107254171639942,0.634251713749756
"PDLIM3",1.1157237388155,0.107240213552081,0.634251713749756
"LRRTM1",1.17847030184023,0.112298622576567,0.634251713749756
"LARP6",1.16719998888232,0.112142471795207,0.634251713749756
"ZNF667-AS1",1.43332988455139,0.113690836355357,0.634251713749756
"MIR31HG",1.17626696051944,0.109713719438655,0.634251713749756
"MSRB3",1.10174659847265,0.108335841968021,0.634251713749756
"FIGN",1.39875812622887,0.112760116860566,0.634251713749756
"FBXL7",1.16103078678334,0.112978896454166,0.634251713749756
"KCNQ3",1.34357610669186,0.108647128682499,0.634251713749756
"MFAP5",1.08621536150265,0.108869875365754,0.634251713749756
"IGLV7-43",0.945372115714927,0.111816805912032,0.634251713749756
"C19orf38",1.1509281714114,0.112367526363537,0.634251713749756
"AC108463.1",0.849979009212629,0.109880082523259,0.634251713749756
"IGKV2D-29",0.939335282891952,0.10840000454242,0.634251713749756
"APOBEC3D",1.56248675723793,0.107331029593731,0.634251713749756
"AC019257.1",0.746831223399239,0.113744034273941,0.634251713749756
"AC092535.5",1.13964429400967,0.113173148024357,0.634251713749756
"ENPEP",1.16149101037477,0.114749130968587,0.637233903534571
"NRP2",1.12516679825104,0.115818916754393,0.640549519192663
"AEBP1",1.09097008432853,0.117675071035525,0.642942424407807
"PCDHB8",1.15764181934615,0.11760259809365,0.642942424407807
"SLC2A12",0.888446089930277,0.116856361067805,0.642942424407807
"GZMK",1.17906042305417,0.119895777248838,0.652444892257731
"DPYSL3",1.09897238384747,0.121113979805845,0.656437770547679
"CHST1",1.1819053207988,0.122258790291413,0.657383574781211
"USP51",1.31160362057877,0.122226317097624,0.657383574781211
"ASB2",1.11793247652601,0.122977124460035,0.658632425467779
"RBMS1",1.12886428354331,0.124015506997489,0.661578787329125
"SLC25A5",0.86371986302703,0.125337673909405,0.666009992734289
"CC2D2A",1.17496894076029,0.135676140797863,0.673367712387249
"PRDM6",1.21447950119545,0.13077364971471,0.673367712387249
"CCDC80",1.08487627680384,0.129583773421054,0.673367712387249
"MPDZ",1.14953766466677,0.131995265456152,0.673367712387249
"TGFBI",0.920784890092574,0.135632861338982,0.673367712387249
"CALD1",1.09174752227095,0.131628728409792,0.673367712387249
"B4GALNT1",1.33817149953861,0.136164393501185,0.673367712387249
"GCNT3",1.07124677051458,0.136122820836164,0.673367712387249
"TNFRSF13C",1.1622633005646,0.133523240165232,0.673367712387249
"PRICKLE2",1.18533265335535,0.133769395130557,0.673367712387249
"GASK1B",1.11475384103256,0.13390178689709,0.673367712387249
"C5orf46",1.11821625051585,0.135747596537907,0.673367712387249
"HHIPL1",1.20445324907589,0.132157638731877,0.673367712387249
"NUGGC",1.19316122919075,0.133794346584411,0.673367712387249
"IGLV1-36",1.06133566353589,0.131700533278212,0.673367712387249
"BTBD19",1.16077238520212,0.134848339702608,0.673367712387249
"AC013470.2",1.37895990587525,0.129332122395543,0.673367712387249
"SCARF2",1.11622886180969,0.127465615660107,0.673367712387249
"WHAMMP2",1.57683872102227,0.134831279137956,0.673367712387249
"PROX1",0.904672753463965,0.137202793769503,0.673586179556798
"CDH2",1.17167770519116,0.137197545604675,0.673586179556798
"TRO",1.22255252868076,0.147715857272133,0.673877192784955
"FERMT2",1.11029191009457,0.142010864262717,0.673877192784955
"GLI2",1.16764263642656,0.148239322903657,0.673877192784955
"OSBPL6",1.26312010303755,0.149527322177412,0.673877192784955
"TPTEP1",1.29145588078305,0.137873687331961,0.673877192784955
"ZDHHC15",1.4169062265066,0.143367144718506,0.673877192784955
"ASPN",1.07231392013899,0.148884152022908,0.673877192784955
"AKT3",1.13816269058698,0.149330074479521,0.673877192784955
"SLAMF1",0.832663830398503,0.144209485529,0.673877192784955
"TNN",1.38600002096926,0.145650983962493,0.673877192784955
"CRISPLD1",1.14231678866721,0.148843327240791,0.673877192784955
"GFPT2",1.09829395985162,0.144390831554901,0.673877192784955
"DDIT4L",1.14656466595677,0.147498607756715,0.673877192784955
"GFI1",0.874734060300192,0.143188582012888,0.673877192784955
"COL22A1",1.19403376267366,0.146059156933055,0.673877192784955
"LSAMP",0.872204903100486,0.142725117818087,0.673877192784955
"GPRIN2",1.12181715910846,0.146460571174949,0.673877192784955
"TENM3",1.14573883608778,0.149695228803152,0.673877192784955
"LINC01811",0.831057914410567,0.146666998029758,0.673877192784955
"AL691447.2",1.44160408387304,0.142651457321486,0.673877192784955
"AL391845.2",1.25603717479547,0.140462531632808,0.673877192784955
"DUBR",1.37848131813832,0.143210765981628,0.673877192784955
"LINC01605",0.882733055246838,0.143941579754568,0.673877192784955
"MAGEL2",1.38430670730408,0.140535869403825,0.673877192784955
"AC093908.1",0.796993117629487,0.148803547990254,0.673877192784955
"IGKV2D-24",0.920282536615957,0.150819456933093,0.676689947497818
"NUAK1",1.13774706089207,0.153862876368982,0.681320906797289
"CXCL10",0.937813406897972,0.152866287973841,0.681320906797289
"PCDH7",1.12935633419467,0.153829646972865,0.681320906797289
"TRDC",1.10091032491038,0.152650523039309,0.681320906797289
"TSHZ3",1.15393848135814,0.156113979046482,0.686800135090852
"MIR100HG",1.21683206033838,0.155708208822126,0.686800135090852
"SERPINE1",1.0764918208812,0.157017328125734,0.688538768965599
"CYP46A1",1.966970985286,0.166544986488883,0.691103851696524
"PHACTR3",1.12382351525192,0.163178684566936,0.691103851696524
"R3HDML",0.910211644417742,0.160903514160675,0.691103851696524
"GLI3",1.14809045632218,0.15964963589232,0.691103851696524
"EVA1A",0.918409207866532,0.167712470287763,0.691103851696524
"FAM126A",1.15133255582442,0.161196885535477,0.691103851696524
"OMD",1.0994006034584,0.166706109743888,0.691103851696524
"FST",1.13038671032422,0.1581854727925,0.691103851696524
"RBMS3",1.21126686169825,0.167198986268739,0.691103851696524
"DNASE1L3",0.917709289435387,0.167803075430374,0.691103851696524
"RILP",1.14457952805521,0.163951973024567,0.691103851696524
"C3orf80",1.13986385390542,0.16601545144154,0.691103851696524
"PRKD1",1.13835102148477,0.160787826804339,0.691103851696524
"SPRED3",1.22446849726271,0.166738753176904,0.691103851696524
"ZNF667",1.46172402843337,0.158799305363501,0.691103851696524
"INSYN2B",0.714563207361542,0.16765379367498,0.691103851696524
"WNT5A-AS1",0.88315007815723,0.162892189838784,0.691103851696524
"CARMN",1.10904186518754,0.166220954150262,0.691103851696524
"AC108134.3",0.912456748365874,0.166027279398601,0.691103851696524
"WHAMMP3",1.55632731213863,0.166503800639841,0.691103851696524
"NUDT11",1.18373594133915,0.168977565627731,0.693832125532047
"ADAMTS4",1.10797595528386,0.171072737714597,0.694022633542751
"BEAN1",1.19853745849389,0.169595449422913,0.694022633542751
"PABPC5",1.30307352208597,0.170948088116555,0.694022633542751
"TRBV20-1",0.904128314982946,0.170314477867494,0.694022633542751
"LGALS2",0.938172567179971,0.171860373534793,0.695136734745209
"COL4A2",1.11658185634447,0.176109119300263,0.696082195192853
"AMIGO2",1.10068113071837,0.174704811065156,0.696082195192853
"VSTM4",1.13914776190144,0.176423609381614,0.696082195192853
"JCAD",1.10046495215514,0.175876748588569,0.696082195192853
"AMOTL1",1.10370987886048,0.176762973648036,0.696082195192853
"HDGFL3",1.11507821196817,0.176338473958359,0.696082195192853
"PSMB8",0.874488901927244,0.17280338844663,0.696082195192853
"LINC01807",1.14502976468675,0.177231260030653,0.696082195192853
"AC080038.1",1.23091410743709,0.177087759730156,0.696082195192853
"SMIM33",0.896723407224847,0.175019014773571,0.696082195192853
"KRT23",0.957929143756109,0.178643873647317,0.697586307758255
"TMEM45A",1.1214489294736,0.178230893150205,0.697586307758255
"THSD7A",1.19662939891985,0.17922353628317,0.697838769148549
"RGS4",1.11792748715495,0.181441898496945,0.704452070095587
"COL7A1",0.916783575667975,0.185534982883169,0.712360245847641
"SPP1",1.04655114761509,0.187525771377594,0.712360245847641
"ECHS1",1.19365952471331,0.184020920115295,0.712360245847641
"P4HA3",1.12726130226513,0.186989727568417,0.712360245847641
"PYGO1",1.16674029182824,0.18496222245718,0.712360245847641
"DCHS2",1.24665807599536,0.185857534868075,0.712360245847641
"LINC00892",1.34997566318286,0.186775402069831,0.712360245847641
"AP001528.2",1.18732307923077,0.187684581378308,0.712360245847641
"NALCN",1.39742987344173,0.19068086440475,0.712562742608066
"COL12A1",0.926372323274028,0.19001213960876,0.712562742608066
"CSRNP3",1.25282298258607,0.190893192300168,0.712562742608066
"PNMA8A",1.14552917769022,0.189182624526558,0.712562742608066
"CACNB4",0.413175756635395,0.189350603020271,0.712562742608066
"BNIP3P11",1.1211296495969,0.18843450339147,0.712562742608066
"OR2I1P",0.933819328395283,0.192491583049575,0.716555206132347
"BDNF",1.37035359262812,0.195573689083753,0.726033832078043
"ACTA2-AS1",1.15235340898146,0.196673663221463,0.728122441707874
"DLX6",0.876176420871544,0.203290709171038,0.728397775270304
"BARX2",1.07785533426243,0.205399421313499,0.728397775270304
"PCYT1B",1.34616422847677,0.19729025108523,0.728397775270304
"ALDH1L2",1.11443671416668,0.201353634229463,0.728397775270304
"MMP16",1.22261795428605,0.202610150904779,0.728397775270304
"TMSB15A",0.866375247785945,0.198940738426522,0.728397775270304
"NDST3",0.578756069597812,0.201241196926072,0.728397775270304
"SH3TC2",0.843024516997042,0.205297387783571,0.728397775270304
"HTRA3",1.08010970716359,0.200764039449187,0.728397775270304
"C1QB",1.07779596610174,0.2025852882185,0.728397775270304
"MRPL41",1.11391519647444,0.202080156977044,0.728397775270304
"PCP4",1.05191072806867,0.205886603637289,0.728397775270304
"OPCML",1.44954430200836,0.204261542446354,0.728397775270304
"VGLL3",1.11050763298439,0.204732727234064,0.728397775270304
"IGKJ3",0.957287404495221,0.200130394120762,0.728397775270304
"LINC00996",0.836853390329813,0.205109350483213,0.728397775270304
"PCDHGA12",1.22746871107816,0.202277755260352,0.728397775270304
"AMN",1.08261419157552,0.207330373354107,0.731595458059415
"TBX18",0.888093358190905,0.209699513375102,0.734935397487617
"IL18RAP",0.833541935239775,0.20990405817543,0.734935397487617
"LBP",1.08722765156968,0.209131939761922,0.734935397487617
"C1QTNF3",1.12838437941871,0.214799168792919,0.750136272459807
"MEIS1",1.11496109302485,0.222353415177921,0.750207245061498
"TMEM47",1.08977797820869,0.21955447314508,0.750207245061498
"SEMA3D",1.14792304641574,0.219874195160775,0.750207245061498
"CD109",1.08206705109084,0.220216518905934,0.750207245061498
"DDR2",1.07923702751545,0.219506505286536,0.750207245061498
"VANGL2",0.930734611055773,0.216189267532654,0.750207245061498
"FBLN2",1.0646074826299,0.217373633903718,0.750207245061498
"GPX8",1.10237712956341,0.22101294023939,0.750207245061498
"COX5A",0.867790915912965,0.222570710342968,0.750207245061498
"PCDH9",1.29783296571128,0.217387283102605,0.750207245061498
"PEG3",1.33027783906895,0.215383482183053,0.750207245061498
"LINC01614",1.07816710632164,0.221619806359048,0.750207245061498
"DUXAP10",1.24771003471372,0.22215066631526,0.750207245061498
"AC099565.1",0.847222564481185,0.220776253860255,0.750207245061498
"TIGIT",0.873524332786642,0.225356708694957,0.756482757087545
"NHSL2",1.15678341760891,0.22554910248219,0.756482757087545
"CPA2",1.11960929243991,0.226255115808797,0.756976992397332
"MMP14",1.09891620190932,0.227099041276729,0.757929066329969
"KCNK9",1.20137661378159,0.230312460335376,0.764885744496161
"FLG-AS1",1.58948143118732,0.229946451900322,0.764885744496161
"SERPIND1",0.918988298493684,0.231615986655626,0.765462590044814
"APOLD1",0.929687770326949,0.231461008627086,0.765462590044814
"TIMP2",1.08507243253331,0.233603438904398,0.770152456728611
"CCN2",1.08604054604804,0.23570587922892,0.774004658546492
"CXCL9",0.947391908176494,0.23591433504037,0.774004658546492
"FN1",1.0546803111762,0.238320278095513,0.78000960584401
"GBP3",0.928800441385416,0.240942976000018,0.78480224153852
"ITGBL1",1.08996498761592,0.240767426208655,0.78480224153852
"IFI35",1.13384765321484,0.242198786086792,0.785118074515797
"IRF8",0.905810772530397,0.241946455381454,0.785118074515797
"DCSTAMP",0.836682112311882,0.244197707935009,0.788252053336181
"CCDC68",0.911816208314209,0.246074257240741,0.788252053336181
"STK31",1.11488097923264,0.24559273617673,0.788252053336181
"IGHV4-39",0.965627671513476,0.245384289292142,0.788252053336181
"AC055717.2",0.932170857191657,0.244865148118538,0.788252053336181
"F7",1.08497879028545,0.248489395828713,0.788531923531395
"LILRB5",1.11614125232994,0.248156628349056,0.788531923531395
"PCDHB10",1.14396945493411,0.24778089562274,0.788531923531395
"IGKV6-21",0.952183357093381,0.247019695735065,0.788531923531395
"PADI1",1.1072413491134,0.249205889640297,0.78895789827711
"KLHDC7B",1.15888053550489,0.251961354242855,0.794562697734622
"MT1H",1.04975506321167,0.252735441124444,0.794562697734622
"AC007099.1",0.912064545330964,0.252716858641772,0.794562697734622
"CHSY3",1.14014668092797,0.254931526946054,0.79961161808311
"AASS",1.1201323779744,0.256610893305758,0.801169954906227
"ECM2",1.09577373757161,0.25635000875122,0.801169954906227
"PI3",0.960737432473812,0.262293895181522,0.805914349140505
"FRMD6",1.09406719472296,0.260223437297328,0.805914349140505
"WWC2",1.11160600952084,0.26092556735425,0.805914349140505
"DACT1",1.09116020302258,0.260120747332284,0.805914349140505
"ABCD2",1.28747490924773,0.260473970995728,0.805914349140505
"BX571818.1",1.20255720987869,0.261527579366029,0.805914349140505
"AC010184.1",0.695656632821147,0.26210245894689,0.805914349140505
"AC096751.2",0.869526147100944,0.26398009748649,0.809260253606773
"NNMT",1.07301315623405,0.266313396049265,0.814570319744366
"NOX4",1.1129350252472,0.26762223271615,0.814894663663783
"ZNF683",1.09528957034126,0.267480896470444,0.814894663663783
"GPR161",1.12295603584627,0.268352682295758,0.815286736571193
"AFAP1L1",1.13785820187582,0.268996432950908,0.815414243061477
"COL16A1",1.08864095070993,0.270366888330109,0.815917892399325
"ZNF135",1.22362996848488,0.270128002894989,0.815917892399325
"EFNB3",1.14991199165491,0.275374772175026,0.816483186645865
"FNDC4",1.10913106747582,0.272723648934618,0.816483186645865
"MICU3",1.1783150241786,0.272556806293463,0.816483186645865
"NTM",1.08041982763923,0.273004392649458,0.816483186645865
"MACC1",0.922543851734596,0.273641526701484,0.816483186645865
"Y_RNA",0.999307179645183,0.271299628671303,0.816483186645865
"IGHV1-69",0.961366478232813,0.274960109987119,0.816483186645865
"AC026368.1",0.896202608192861,0.274419224581332,0.816483186645865
"GPT",1.0636324026406,0.277459802730448,0.820363487337418
"HLA-B",0.91446314201913,0.278151582983797,0.820363487337418
"LINC01579",1.34675845691939,0.278499781679124,0.820363487337418
"MMP25",0.882167897708208,0.290994185554627,0.821788213036668
"MRC2",1.07741317858889,0.285641685775068,0.821788213036668
"IBSP",1.07245055392672,0.293063012292041,0.821788213036668
"KLHL4",1.25673215293321,0.293912157408138,0.821788213036668
"FBXL15",1.10565823506905,0.29598304996903,0.821788213036668
"TECTA",1.68788778387227,0.291491872719179,0.821788213036668
"PDGFRB",1.07917574782997,0.297178025378574,0.821788213036668
"CD2",0.93023397906913,0.293628211419676,0.821788213036668
"PPP1R3C",1.07842750781926,0.296047315997852,0.821788213036668
"ANGPTL2",1.07304216404979,0.280816819020742,0.821788213036668
"SLC25A48",0.794569916397168,0.290131035023246,0.821788213036668
"CCL28",0.941118249103934,0.291716374341521,0.821788213036668
"OLFML2B",1.0720064970755,0.290443203005436,0.821788213036668
"AVPR1A",1.12192154161317,0.282959602984509,0.821788213036668
"LDHD",1.06171771374124,0.292754822191754,0.821788213036668
"PAH",0.918787581395104,0.296606832280801,0.821788213036668
"UCN3",0.930386659830663,0.2891039042227,0.821788213036668
"FLRT2",1.17828179849906,0.294812812836273,0.821788213036668
"CYP27C1",1.26145915521503,0.296319579736231,0.821788213036668
"MME",0.938529617623738,0.280896211636129,0.821788213036668
"HLA-DRA",0.942601357653603,0.293924443871884,0.821788213036668
"SLC44A4",0.931863743137914,0.29147042006788,0.821788213036668
"IGLV3-19",0.968286822126912,0.28212202489587,0.821788213036668
"IGKV2-24",0.964108618448688,0.294866200763182,0.821788213036668
"STARD4-AS1",0.823232210353394,0.296339122656783,0.821788213036668
"IGKV2D-40",1.04749573787387,0.282707497768302,0.821788213036668
"CLEC5A",0.914482374398266,0.296229353592201,0.821788213036668
"LINC00562",0.788227978979638,0.282208555717364,0.821788213036668
"MANEA-DT",0.806019128699924,0.292077159431512,0.821788213036668
"AC092376.2",1.30901970400329,0.286290318143293,0.821788213036668
"GJC1",1.1087511406865,0.299567804158346,0.825253636830378
"CLECL1",0.82185363551948,0.300258334285887,0.825253636830378
"TAFA5",1.09281454058146,0.300211408329492,0.825253636830378
"ENOX1",1.12967585529982,0.301550190199169,0.827126533845898
"RP1",0.733101115499685,0.304213237650252,0.829394239468997
"DGKI",1.22122209834681,0.304123488019212,0.829394239468997
"COMTD1",1.08449078471994,0.303567982089491,0.829394239468997
"SPOCK2",1.08865795639668,0.305728995215411,0.830737237361283
"ZDHHC12",1.11399779945821,0.305932015825299,0.830737237361283
"SFRP4",1.04128335187993,0.309093089735928,0.832646394815472
"CD3D",0.933697093437791,0.308894216848071,0.832646394815472
"GBP1P1",1.1023723337903,0.307412091264452,0.832646394815472
"TRBV7-9",0.918975860133564,0.308705548681209,0.832646394815472
"MMP9",0.951325888168515,0.311958393550388,0.833734957121847
"CLSTN2",1.10143907663819,0.311458852714296,0.833734957121847
"AC037198.1",0.920853668924796,0.310742392584627,0.833734957121847
"TRBV7-2",0.917390986486848,0.31019925774068,0.833734957121847
"CDK14",1.08942777689498,0.313694431068617,0.836724319090504
"MEDAG",1.0674787859333,0.315997585686441,0.837703093255091
"PDPN",0.935326706996896,0.315241922479745,0.837703093255091
"NCF1C",1.08966776640557,0.316873791540263,0.837703093255091
"FAM110B",1.13003738787451,0.317152536413182,0.837703093255091
"FRMD3",1.08290334119628,0.316430773270191,0.837703093255091
"KCND2",1.18556457159044,0.319291782644243,0.841712773313131
"CR2",1.05975857452678,0.328035425347353,0.84793771749189
"KLF7",0.916278448794531,0.331594671804092,0.84793771749189
"LGR5",0.955112265940403,0.331238861986927,0.84793771749189
"SLC24A2",1.32048015552454,0.325141624701146,0.84793771749189
"NCF1",1.10556579082092,0.325953039267857,0.84793771749189
"CD3G",0.901881263806119,0.329977782249493,0.84793771749189
"PRTG",1.28209643040763,0.327086425093722,0.84793771749189
"COL8A2",1.07082248948609,0.329233827924768,0.84793771749189
"BNC2",1.10042352860792,0.331665675476533,0.84793771749189
"SHISA2",0.926078087381278,0.328150094148236,0.84793771749189
"ARSI",1.09132766064717,0.324989193940301,0.84793771749189
"ROBO2",0.883595954500407,0.331355108958745,0.84793771749189
"IGHV3-74",0.968584793239993,0.327057394247592,0.84793771749189
"DLX6-AS1",0.823607266677275,0.328511842606667,0.84793771749189
"MIR4280HG",0.733062232743194,0.323520776073549,0.84793771749189
"APOBEC3G",1.09635778505899,0.325121363781609,0.84793771749189
"TIFAB",0.781016486541445,0.332602359799509,0.848731068791592
"SLC11A1",1.06765754215448,0.378677307524546,0.850194581459563
"SEMA3A",1.06530207182731,0.396597914733554,0.850194581459563
"P2RY10",0.912708875077251,0.370158227255531,0.850194581459563
"RUNX1T1",1.12187970616413,0.361476958494094,0.850194581459563
"COL5A3",1.07523699371355,0.346632089942971,0.850194581459563
"PPEF1",1.18813290331989,0.39429866007843,0.850194581459563
"CENPM",0.92612883156221,0.354182379596941,0.850194581459563
"APOBEC3H",1.12498410966144,0.376061315140423,0.850194581459563
"MLC1",0.798945440928989,0.374366009345149,0.850194581459563
"GZMB",0.956409286277299,0.389223939641024,0.850194581459563
"DOK5",1.11076674485482,0.348775681242925,0.850194581459563
"SRPX2",0.950795920012437,0.370637967723782,0.850194581459563
"FGF14",1.33191862061334,0.353974886266174,0.850194581459563
"TRPS1",1.0901308283919,0.354590203517522,0.850194581459563
"EBI3",1.08554241287826,0.363037899697969,0.850194581459563
"ITGB8",0.926620258299049,0.400997161161459,0.850194581459563
"PCOLCE",1.06418116245759,0.399089366679993,0.850194581459563
"CRTAM",0.879504984454759,0.392544181501266,0.850194581459563
"JHY",1.12964217760437,0.3927046663749,0.850194581459563
"CD69",0.931512380225714,0.367355130029785,0.850194581459563
"PACRG",0.848115091868559,0.400263189856014,0.850194581459563
"FGF1",1.11991048563533,0.376829118769791,0.850194581459563
"ADGRL2",1.10587054700143,0.383247342760234,0.850194581459563
"GBP1",0.932157160404469,0.340595852388579,0.850194581459563
"KLF12",1.08384218576718,0.361209191662341,0.850194581459563
"LTBP2",1.06473010908941,0.380703035553341,0.850194581459563
"ACADS",1.076796074261,0.354172965473943,0.850194581459563
"CCR7",0.925912512697721,0.351478223838103,0.850194581459563
"FOXA1",1.05390683751972,0.376254313142976,0.850194581459563
"MATN3",1.06835190694658,0.368672619973816,0.850194581459563
"MYH10",1.06871196981492,0.388529126635633,0.850194581459563
"CHI3L1",0.954960443726826,0.344205205276812,0.850194581459563
"KLRC1",0.839335440167078,0.400114734041685,0.850194581459563
"SPOCD1",1.11746087942166,0.358486978431328,0.850194581459563
"DSG1",0.729612499417728,0.337969642139197,0.850194581459563
"ERMN",1.12689271229993,0.396757428818039,0.850194581459563
"STRA6",1.0558459775391,0.35425299500613,0.850194581459563
"CYP19A1",1.18123663844375,0.382118647099105,0.850194581459563
"ZNF365",1.21706074098592,0.359492038120598,0.850194581459563
"FGF7",1.06656955025237,0.37156835687065,0.850194581459563
"ST8SIA2",1.31794531885758,0.355298089638383,0.850194581459563
"CDH13",0.89623778872159,0.376966729962557,0.850194581459563
"CTSK",0.942480254297406,0.404462925914015,0.850194581459563
"GALNT13",1.13333932700258,0.402566298003898,0.850194581459563
"PCDHB18P",1.19300887243844,0.404784424218708,0.850194581459563
"SLC22A3",0.940729533724484,0.391955689823805,0.850194581459563
"NPFFR1",0.89972420704121,0.35880001681476,0.850194581459563
"FBXL2",1.12174991103947,0.349682511477963,0.850194581459563
"THY1",1.06989751372902,0.357047590983255,0.850194581459563
"GBP5",0.93854213058071,0.381035904166913,0.850194581459563
"PIEZO2",1.15341268675243,0.344976561633823,0.850194581459563
"UBE2L6",0.934027923863774,0.389085651837964,0.850194581459563
"RGL4",0.796632046962488,0.401878671946205,0.850194581459563
"ZNF208",1.35324652388352,0.387874756582078,0.850194581459563
"CCR5",0.9216356485623,0.337720846148688,0.850194581459563
"FGF19",1.03974237611636,0.40408394194173,0.850194581459563
"PDZK1IP1",0.94868900827264,0.369554832109797,0.850194581459563
"NEURL3",0.91567696474548,0.38286674483627,0.850194581459563
"GREM1",1.0435386894806,0.401668501699896,0.850194581459563
"ZNF610",1.11584973524172,0.363753460938532,0.850194581459563
"SCARA5",1.04361616268178,0.393604134475473,0.850194581459563
"SDC2",1.07415379302694,0.340050946745754,0.850194581459563
"APLF",0.898062262219877,0.401653171847393,0.850194581459563
"MT1E",1.03795566115367,0.372971113376252,0.850194581459563
"SGCD",1.07990844771601,0.377159933318172,0.850194581459563
"CAVIN4",1.2583089379011,0.402134587953759,0.850194581459563
"SMPDL3A",0.927347979643689,0.341508520016047,0.850194581459563
"CCR9",1.25471817400336,0.364737089459466,0.850194581459563
"CD19",1.08968000166565,0.356970852368801,0.850194581459563
"CALHM5",1.1160355813345,0.336976663994335,0.850194581459563
"CIITA",0.928920385630357,0.40533261964788,0.850194581459563
"NKPD1",1.15163551534819,0.39852934689488,0.850194581459563
"RIPPLY3",0.929183955677106,0.360831469336047,0.850194581459563
"TENT5C",0.942909065697628,0.396536463691452,0.850194581459563
"KCNH8",0.924978767401893,0.394860679819154,0.850194581459563
"MUC1",1.04979905692072,0.335797919671158,0.850194581459563
"DNAH14",0.877788798783736,0.344372880535217,0.850194581459563
"FFAR4",0.95502247653412,0.37538911032561,0.850194581459563
"MITF",1.08622103515928,0.34412402353575,0.850194581459563
"MAGI2",1.26247466872377,0.380548745007089,0.850194581459563
"PDCD1",1.08384095222376,0.398443750677866,0.850194581459563
"KIR2DL4",0.892989525411475,0.387283562703823,0.850194581459563
"GZMM",1.0746978322156,0.372629194340239,0.850194581459563
"IGLV7-46",0.970295766150258,0.358264164334996,0.850194581459563
"IGLV3-16",0.952828455518243,0.403153754813689,0.850194581459563
"TRGC1",0.811515247799462,0.34723581308708,0.850194581459563
"TRBC2",0.945336708058468,0.389025494957366,0.850194581459563
"IGHV6-1",0.968373547493598,0.360835553967018,0.850194581459563
"IGHV3-7",0.972715754671745,0.386794196421866,0.850194581459563
"IGHV3-73",0.968292007607727,0.351459690030284,0.850194581459563
"IGHV3-64",0.959373041915405,0.375833449505485,0.850194581459563
"TRGC2",0.925619797048248,0.402984756059935,0.850194581459563
"AP000695.1",1.11996926806376,0.377760948065393,0.850194581459563
"AL121832.1",0.927773541183928,0.35959883768896,0.850194581459563
"RNASEH2B-AS1",0.77061615487939,0.370971288792189,0.850194581459563
"AP001189.1",1.15325088769251,0.334544900678017,0.850194581459563
"ZNF853",1.07018109268322,0.36475469347078,0.850194581459563
"TRBV3-1",0.905934909650441,0.388370941655689,0.850194581459563
"ST3GAL6-AS1",1.61027502738018,0.343015666774474,0.850194581459563
"IGKV1-17",0.972180584182059,0.402783852541403,0.850194581459563
"HLA-DOB",1.10121955081308,0.399423881025184,0.850194581459563
"RPSAP52",1.17669815151366,0.349315216071688,0.850194581459563
"AC011346.1",0.637081898821672,0.386292507671282,0.850194581459563
"LINC01197",1.46295610753897,0.378767123817868,0.850194581459563
"AP001528.1",1.12824949378112,0.365814094664581,0.850194581459563
"AC007493.1",0.940802916234456,0.349142871091416,0.850194581459563
"AL590004.3",1.16404127769056,0.377022073066179,0.850194581459563
"LINC00622",1.12286366352683,0.351820108953564,0.850194581459563
"LINC01977",1.12270420918479,0.397499320483879,0.850194581459563
"AC016582.3",0.783402217112261,0.338530038127407,0.850194581459563
"AC006262.1",1.27530265847338,0.335166914827398,0.850194581459563
"SPIB",1.0540720274069,0.355583967987921,0.850194581459563
"CASC15",0.822498877840438,0.342194467850943,0.850194581459563
"AL133482.1",1.226803440499,0.369234537289669,0.850194581459563
"AL929091.1",0.902254810195495,0.349564022187572,0.850194581459563
"TBX15",1.10945629695368,0.408617593166647,0.853508965971039
"TIMP3",1.0539034640783,0.409118307346025,0.853508965971039
"COL8A1",1.04717012182354,0.408257559920351,0.853508965971039
"VDAC2P5",0.918285233235054,0.40943234529976,0.853508965971039
"MIXL1",1.16201598339753,0.415497475016474,0.864821933406024
"CHST5",0.945396606903616,0.416843176295472,0.864965549587081
"IGLV1-41",1.03763447056333,0.416740039095352,0.864965549587081
"MYEF2",1.07476777684177,0.419229562021817,0.868587242415233
"SLAMF7",0.95248987043657,0.421859761365415,0.869873089481446
"SP140",1.09007347353424,0.422015773305062,0.869873089481446
"MXRA5",0.95355518840981,0.425023876951476,0.869873089481446
"PDGFRL",1.06163775332989,0.424185153469026,0.869873089481446
"KLRB1",0.93586543166132,0.425445620860837,0.869873089481446
"PCDH19",1.06803164611791,0.425446831158523,0.869873089481446
"FILIP1L",1.06468498527138,0.425627939724132,0.869873089481446
"IGHV2-26",0.97132103727159,0.425188093954916,0.869873089481446
"CYP2T3P",1.09019045503107,0.425406345888029,0.869873089481446
"ALKBH7",1.07215406430221,0.429632885982876,0.871485869022152
"THEMIS",0.89613795747849,0.427941138570979,0.871485869022152
"IGKV4-1",0.976551746626653,0.427499118200873,0.871485869022152
"IGLV3-1",0.976366640520212,0.428716978044723,0.871485869022152
"MAGI2-AS3",1.10175765648826,0.42957531432389,0.871485869022152
"ATP5MC1",0.92288265860906,0.43170371696677,0.874377483542562
"CD79B",1.07048057448048,0.433041302220223,0.874472376316546
"IGHV3-21",0.975852712659155,0.432924390035536,0.874472376316546
"IGHV1-45",0.951973082654117,0.433822813025301,0.874746892335242
"CDKN1A",1.06940498356426,0.437342481772582,0.877261022357551
"PXDNL",1.29772186704975,0.438061157634086,0.877261022357551
"LCK",1.05442112256729,0.437769681336716,0.877261022357551
"TRAV12-2",0.920817181321085,0.4383067986244,0.877261022357551
"LINC00578",1.09125645539459,0.43639875842617,0.877261022357551
"PTPRH",1.06168680167764,0.44018164038266,0.878294295544002
"PKP1",0.954288910672864,0.445860734183363,0.878294295544002
"SMARCA1",1.05687221271449,0.441421259616796,0.878294295544002
"IRF1",0.925354105573736,0.441592978276921,0.878294295544002
"PODNL1",1.0640139608896,0.448342125938946,0.878294295544002
"SRSF12",1.1484939047406,0.446059530586605,0.878294295544002
"UBASH3A",0.888213471354137,0.443791876522985,0.878294295544002
"AKNAD1",0.808187668804381,0.44854586901583,0.878294295544002
"IFI27",0.949225544946346,0.446148138428151,0.878294295544002
"FIBIN",1.05204233269125,0.446680973242383,0.878294295544002
"IGHV1-46",0.974016928852599,0.443570170769105,0.878294295544002
"LINC01615",0.874769309118545,0.447364329036405,0.878294295544002
"AL021392.1",1.19683347652495,0.444063101328096,0.878294295544002
"SLC22A18AS",1.06884957959042,0.44846714375857,0.878294295544002
"LINC02345",0.881463735907597,0.441538773914227,0.878294295544002
"ZEB1",1.05833018115031,0.45099408338147,0.881813828256698
"TSHZ2",1.07101832891686,0.453595953600351,0.885623223528062
"MAP9",1.08062573748679,0.455720699971047,0.887214868478116
"MAP3K4-AS1",1.08060582781014,0.455117361094005,0.887214868478116
"TBX21",1.11290268479722,0.459654441353006,0.891032572293739
"ALPI",1.04244611086808,0.459628207744454,0.891032572293739
"HLA-DRB5",0.964695452853419,0.459353186337393,0.891032572293739
"STC2",1.04101160212089,0.462055031328856,0.893130624037945
"GAS2",1.07644528927562,0.461960881204934,0.893130624037945
"SCN2A",1.22529514289278,0.466334759627602,0.893921150457536
"TMEM61",0.935599733611672,0.465478387149808,0.893921150457536
"SLC24A3",1.05771164942229,0.466158066098125,0.893921150457536
"SOCS1",0.947929376913116,0.466422327212899,0.893921150457536
"AC069222.1",1.15724926228374,0.465546121396498,0.893921150457536
"IGLV2-8",0.976455019914515,0.46453402619572,0.893921150457536
"IGHV3-13",0.971740662328674,0.469714900602483,0.898960014571136
"TNFRSF17",0.960302008401886,0.470783473521492,0.899723340722978
"MPIG6B",0.905859338756606,0.471441750489531,0.899723340722978
"IQCA1",1.17985442317364,0.472803939232889,0.901053920760287
"PXDN",1.05559541612757,0.473728413676358,0.901547753555429
"DEGS2",1.05088820796962,0.474995696621013,0.902691681516792
"MS4A1",0.94688768720574,0.475688060752007,0.902741347785671
"IGKV1-16",0.976190467414333,0.476781867681024,0.903551651339563
"LINC01871",0.95449598042465,0.478126154671939,0.903571742790065
"LINC01235",1.07082383595106,0.47756163573979,0.903571742790065
"CEACAM7",0.979477993634876,0.482345449804575,0.903740001524661
"GZMH",1.04907564295189,0.481826323607504,0.903740001524661
"RASAL3",1.07130095694013,0.487911760695763,0.903740001524661
"JCHAIN",0.980520968740778,0.488138977849061,0.903740001524661
"DZIP1",1.08697747172542,0.48008120261173,0.903740001524661
"LEF1",1.05669948363776,0.482386083004783,0.903740001524661
"AK5",1.13890924287051,0.490707209695493,0.903740001524661
"ACAN",0.936679501089647,0.486164437001899,0.903740001524661
"LRRC36",0.941423095841603,0.487726445787583,0.903740001524661
"GBP4",0.956938689521665,0.483039352795491,0.903740001524661
"HPGD",1.04017166775944,0.479601307997755,0.903740001524661
"SOWAHD",1.0769711334482,0.490647881854333,0.903740001524661
"HES5",1.0809322000405,0.489313169135848,0.903740001524661
"IGKV3D-20",0.974392725519758,0.489519694455571,0.903740001524661
"AC116351.1",0.885149657719255,0.485838927951161,0.903740001524661
"CXCR2P1",0.924795062633644,0.484711265556519,0.903740001524661
"IGHJ3P",0.974607331225731,0.490872087323713,0.903740001524661
"MEX3A",0.951174810474362,0.484119042090015,0.903740001524661
"AC097634.1",0.865213773701826,0.490887558023728,0.903740001524661
"CD209",1.0569838555385,0.493819744479028,0.907104427914599
"COX8A",0.934418551868902,0.494723374338663,0.907104427914599
"IGHM",0.978272465031661,0.494618279005582,0.907104427914599
"IGHV3-66",0.971768036002607,0.496665797500456,0.909435345423132
"AKR1B10",0.973539080303956,0.497632429976897,0.909975631064366
"HCST",1.05184735025074,0.501961264514616,0.910518759594785
"VPREB3",1.04491604250825,0.499729424597956,0.910518759594785
"GPR15",0.959137154246529,0.500733800197251,0.910518759594785
"STC1",1.04711277735597,0.501755254757748,0.910518759594785
"SLC35D3",0.968033967359457,0.500984738540787,0.910518759594785
"TMEM150C",1.04690106157546,0.500002277681148,0.910518759594785
"BLK",1.09033672716773,0.502957372121298,0.911105934791923
"EOMES",1.09025985524773,0.503987335328847,0.911752789546847
"UQCRC1",0.938633443885254,0.513667260511338,0.912213811261943
"EVC",1.05644849634428,0.509421996718846,0.912213811261943
"FER1L4",1.04228159924408,0.50783516667736,0.912213811261943
"IL2RB",0.950780970976829,0.507959054170356,0.912213811261943
"MAP4K1",1.07022344855989,0.505367963328896,0.912213811261943
"LAMA4",1.05949290162388,0.510232148722769,0.912213811261943
"KIF26B",1.05033546101868,0.510310628714712,0.912213811261943
"MCC",1.07462081279333,0.512827474531215,0.912213811261943
"IGKV5-2",1.03210555297955,0.507703623677186,0.912213811261943
"IGLV2-14",0.980297064801393,0.51310315412579,0.912213811261943
"PROX1-AS1",1.13670056621265,0.506306133716717,0.912213811261943
"AC226118.1",1.10677071177326,0.509241657837679,0.912213811261943
"IGHV1-67",1.03760155896459,0.511214882010239,0.912213811261943
"TRAC",0.955848902371884,0.511917925304278,0.912213811261943
"ICAM3",0.926903924984459,0.533395432574399,0.912280439365735
"CST7",1.04130081825732,0.532190542047568,0.912280439365735
"TSPO",1.06340147781994,0.517095371408948,0.912280439365735
"AQP9",0.964742003771433,0.529395021621516,0.912280439365735
"PLA2G2D",1.04525322429156,0.520342266659558,0.912280439365735
"EDAR",1.03109509531652,0.532224457112993,0.912280439365735
"RHOF",1.08004837223291,0.519952877023317,0.912280439365735
"SECTM1",1.03341572664012,0.527654586231766,0.912280439365735
"TENM4",1.08288717310032,0.528630608669075,0.912280439365735
"FGF18",1.05787558432151,0.532704713163696,0.912280439365735
"B3GNT7",0.975510803832039,0.530192459826228,0.912280439365735
"XDH",0.962433815087206,0.529313375731577,0.912280439365735
"ADCY1",0.904999101541674,0.526950636966254,0.912280439365735
"RHOH",0.935193255680042,0.529070245062652,0.912280439365735
"CD8B",0.929201545352628,0.527645430512768,0.912280439365735
"SOX11",1.12792197261239,0.531261943091213,0.912280439365735
"TYMSOS",0.912205197468785,0.525466621369889,0.912280439365735
"OR51E1",1.05493086053743,0.515217503201177,0.912280439365735
"KIRREL1",1.05597881168228,0.523569609296372,0.912280439365735
"ELOVL2",1.09953638665083,0.526176902526927,0.912280439365735
"CD247",0.934679666919052,0.517317357658781,0.912280439365735
"HLA-DMA",1.04784849955501,0.525517997906597,0.912280439365735
"HLA-C",0.945825081490218,0.527796525403085,0.912280439365735
"IGLV3-27",0.974647232961866,0.515050869249615,0.912280439365735
"IGHV4-34",0.977988958717628,0.516828279737138,0.912280439365735
"IGHV3-48",0.980097004968338,0.532497645754377,0.912280439365735
"IGHV3-53",0.975581853191201,0.530188971749777,0.912280439365735
"MIR99AHG",1.20321800816976,0.524221957467149,0.912280439365735
"AL354993.1",0.891869903421201,0.52744822175729,0.912280439365735
"TMEM231P1",0.95199602617528,0.533902869680463,0.912280439365735
"IL32",0.94854718396392,0.535765621859598,0.912808059227967
"DSE",1.06842503700666,0.538239966182631,0.912808059227967
"SDCBP2",1.03936272842873,0.538526262796839,0.912808059227967
"HMCN1",1.06360837154363,0.53895027869801,0.912808059227967
"LRRC15",0.96225898960972,0.540274585609469,0.912808059227967
"MIR503HG",1.05598104159017,0.539984348722218,0.912808059227967
"LINC00942",0.9124780968141,0.53744560846088,0.912808059227967
"TPMTP1",0.910642757546341,0.536038014767364,0.912808059227967
"AC073840.1",1.15031225210313,0.536477151264249,0.912808059227967
"TMEM52B",1.14048541814799,0.541619201003313,0.912895668105106
"AP005230.1",1.20386814576807,0.541673887200373,0.912895668105106
"NR3C2",0.958891927046019,0.544057153443104,0.914637025949634
"DCLK3",0.84613238132087,0.54389836181822,0.914637025949634
"GSDMB",1.05406881928896,0.546069652061313,0.916179895513987
"TRAM1L1",1.0825893822825,0.54632719968657,0.916179895513987
"JAKMIP2",1.18194074716514,0.547971225559304,0.917801002018365
"ADAMTS12",0.961325227832151,0.550477374892038,0.919724837211727
"SLCO4A1-AS1",1.03149202684141,0.550266632764588,0.919724837211727
"ALPK2",0.894649916667371,0.553674464050796,0.923927215257178
"SNAI2",0.948942714098557,0.560204994594316,0.924299721968424
"ACAP1",1.06528041904301,0.557787338767438,0.924299721968424
"SIGLEC8",1.07906399515595,0.556514772495621,0.924299721968424
"IGFBP5",1.03394638391969,0.555833026252596,0.924299721968424
"SASH3",0.957791034082267,0.556586442225244,0.924299721968424
"IL9R",0.841956100736835,0.561814335449897,0.924299721968424
"ADAMDEC1",0.973986949360825,0.562765513375609,0.924299721968424
"IRF4",0.955269355841326,0.561560966268404,0.924299721968424
"GPA33",0.965399291322348,0.562218931889491,0.924299721968424
"LINC01558",0.955315211881611,0.559207796690762,0.924299721968424
"C1QTNF12",1.04158055154355,0.562452782947722,0.924299721968424
"TRBV5-1",0.938806398605042,0.560682857690938,0.924299721968424
"CRNDE",0.942604733742889,0.56007779855609,0.924299721968424
"PDXP",1.0554136780298,0.564292725835896,0.925686009089151
"ETHE1",0.950588608912511,0.566767629209666,0.926521207438505
"ADTRP",1.02769800843553,0.567209292072173,0.926521207438505
"PMEPA1",1.03625485019522,0.569086993736678,0.926521207438505
"TREM1",0.959233302655269,0.567562195407178,0.926521207438505
"SLCO2A1",1.04175953065123,0.569483386327629,0.926521207438505
"OXTR",1.06805385776612,0.566103380926126,0.926521207438505
"IGHV1-18",0.982585766270294,0.569588314240793,0.926521207438505
"FREM2",0.94637429136752,0.572031427224015,0.927156200823612
"KCNJ15",0.923945983607317,0.571215724332471,0.927156200823612
"GPR1",1.09195176284798,0.571579923337134,0.927156200823612
"LY9",1.10056752630167,0.573283793491986,0.9277425784891
"CHROMR",1.0762423062867,0.573762568836802,0.9277425784891
"CCN4",0.962027013569009,0.574689205242248,0.928133341005061
"FSTL1",1.04281993156855,0.576685467051623,0.928296778304716
"CES3",1.03161789704167,0.576067447529931,0.928296778304716
"AC009093.2",1.11879009180601,0.57684567330817,0.928296778304716
"PTCHD4",1.07521683630169,0.577880217082229,0.928858474669539
"CYBA",1.04208143760259,0.587291113551338,0.928868751538703
"SIRPG",0.946035005185836,0.581028786332572,0.928868751538703
"CD8A",0.962612278044063,0.580147180318439,0.928868751538703
"FCRL3",1.08356578781905,0.584655215371821,0.928868751538703
"CCL19",1.02505228290219,0.583777388300409,0.928868751538703
"GPR171",0.945878151140107,0.586977047910929,0.928868751538703
"PLCB1",1.05268253300439,0.583705588584807,0.928868751538703
"THBS2",1.02427846855994,0.587845223996857,0.928868751538703
"NBEAP2",0.935659208724225,0.580700944575751,0.928868751538703
"HLA-F",0.962550035552361,0.586156086702004,0.928868751538703
"IGFL4",1.04275119482702,0.586144511456392,0.928868751538703
"LTA",0.923814817376281,0.588169290642219,0.928868751538703
"IGKV1-9",0.982764319783967,0.5808341693632,0.928868751538703
"HAS2-AS1",0.935429201079437,0.582067997829373,0.928868751538703
"IGHV3-64D",0.981340157074579,0.586886845508206,0.928868751538703
"CKB",1.02244009598274,0.589463792070771,0.929829380973103
"NID2",0.955717980137936,0.590228181699299,0.929952542095988
"PCDH17",0.944431423920703,0.597835666232726,0.930370028743803
"CPNE5",1.05461812706625,0.597501579295353,0.930370028743803
"TST",1.04742133885494,0.597227577828943,0.930370028743803
"ASS1",1.04123039498162,0.594550815216832,0.930370028743803
"PLAAT4",1.02991020632012,0.59366374831838,0.930370028743803
"PPFIA2",1.14771728757287,0.599457467514798,0.930370028743803
"CNIH3",1.07612008706637,0.593093616923003,0.930370028743803
"SLC13A3",1.02912668184056,0.591396916259394,0.930370028743803
"TRAT1",1.07466203534973,0.596380989865127,0.930370028743803
"LINC01561",1.10392008922702,0.598816660339769,0.930370028743803
"EPHA10",0.947304115256489,0.598322738611859,0.930370028743803
"PLPP4",1.0402814575082,0.600105834038438,0.930370028743803
"IGHV3-41",0.962205678637714,0.598005740773682,0.930370028743803
"C2orf27A",0.929919999607693,0.59841256742178,0.930370028743803
"PPP1R16B",0.955469363392349,0.606355601757425,0.930935392408246
"FCER2",1.0516466662427,0.604689674347719,0.930935392408246
"GJA1",1.04206077727221,0.603852171118152,0.930935392408246
"GUCY1A1",1.03738931872305,0.60427754891582,0.930935392408246
"DSEL",1.09099669607845,0.60665383874279,0.930935392408246
"KIAA2012",0.822793886622054,0.601413024809743,0.930935392408246
"GREB1",1.12558574183252,0.605925035839853,0.930935392408246
"HCG11",1.04488365074052,0.602225494942244,0.930935392408246
"AC107021.2",1.06915585523378,0.605638584455964,0.930935392408246
"OSMR",1.04094041586425,0.608253926589194,0.932156498229223
"IGHV3-11",0.983597421231994,0.608825461943072,0.932156498229223
"SGIP1",0.927452850757738,0.610518118575687,0.933693059447016
"CD38",0.958786921016497,0.631661151005413,0.937458742596693
"CD6",1.05501302816001,0.621953908462167,0.937458742596693
"CYP2C18",1.037726867795,0.623445411241353,0.937458742596693
"ITK",0.93776650791949,0.626968110225833,0.937458742596693
"ZAP70",1.04918283915615,0.632734287411633,0.937458742596693
"CD48",0.962647299339519,0.634532236526312,0.937458742596693
"ITPKA",1.03298104959947,0.627227110204204,0.937458742596693
"HS3ST3A1",0.938744283946846,0.619261836785168,0.937458742596693
"ADAMTS5",1.05261427689097,0.635811501436429,0.937458742596693
"IL6R",1.03883865536935,0.626500329481776,0.937458742596693
"SLAMF9",0.955601505059279,0.630342705815786,0.937458742596693
"PIGR",0.988111432560352,0.619376662019643,0.937458742596693
"ENHO",1.05081522338407,0.635372294613927,0.937458742596693
"LPL",0.969822599378631,0.616308247704063,0.937458742596693
"HLA-DQB1",1.02689426838988,0.632039089360359,0.937458742596693
"DYNC2H1",1.06941284215673,0.623519143107112,0.937458742596693
"COL4A1",1.03748857072206,0.623279479406889,0.937458742596693
"CALHM6",0.966525144973334,0.626726702308776,0.937458742596693
"FAT4",0.945835572777958,0.61517161223509,0.937458742596693
"ZNF521",1.04976938778841,0.627525454614751,0.937458742596693
"LY6G6F",0.943507578426087,0.616046106164695,0.937458742596693
"IGLV10-54",0.983085608397327,0.625370262184139,0.937458742596693
"IGLC7",1.01803679860799,0.631881991287255,0.937458742596693
"TRBC1",0.967840919238734,0.621461579207744,0.937458742596693
"IGHV3-20",1.01927140254409,0.634717138757393,0.937458742596693
"IGHV3-33",0.984166690954042,0.635568791496569,0.937458742596693
"AC099066.2",0.865824336858,0.631818195771615,0.937458742596693
"LINC00460",0.960026685037893,0.619703648526375,0.937458742596693
"NR2F1-AS1",1.11428427196956,0.618481996530318,0.937458742596693
"IGKV1D-16",0.979266388759851,0.625413884798035,0.937458742596693
"IGLV2-34",0.970161260633675,0.631030865512989,0.937458742596693
"USP30-AS1",0.953442298195176,0.623175640680388,0.937458742596693
"AC112694.2",0.936097083788295,0.617135658680146,0.937458742596693
"CA2",0.982923967803573,0.639380852795272,0.93863602983488
"ACSS3",0.926471725280555,0.637712300975275,0.93863602983488
"LCN2",0.982042248903473,0.638781688222482,0.93863602983488
"AC007240.3",1.06049068147452,0.638720630543516,0.93863602983488
"NREP",0.91175682344341,0.642429916575209,0.938879137150777
"MMP13",0.967807218376353,0.643927419212894,0.938879137150777
"ANKFN1",0.878519083037839,0.645782550424003,0.938879137150777
"FCMR",1.04127127243755,0.640621162911434,0.938879137150777
"LRRN1",1.04280224705167,0.645743713127988,0.938879137150777
"BTLA",0.920371733194763,0.645285078565834,0.938879137150777
"C6orf15",1.0192118482034,0.64456180085647,0.938879137150777
"IGKV1-5",0.985649860300289,0.645078938144239,0.938879137150777
"IGKV1D-13",0.979814390066933,0.641449837885239,0.938879137150777
"SERPINA10",1.03492997803115,0.648145014933825,0.940296033442541
"NCR1",0.885330844153178,0.64810814183077,0.940296033442541
"CPNE6",1.0715400393372,0.651101349975188,0.941891461979478
"ZNF660",0.920241572118963,0.651330110608687,0.941891461979478
"DUXAP8",1.05412009488333,0.651326942554586,0.941891461979478
"TRG-AS1",0.903226116339523,0.652420109808092,0.942461885703586
"FNDC1",1.02290659272697,0.653748986301088,0.943375800253433
"EPHA3",1.04275067082648,0.659599973851752,0.946935135500433
"ADAMTS6",1.05540767265055,0.673552737235785,0.946935135500433
"MADCAM1",1.03918744085421,0.678989101595169,0.946935135500433
"TCL1A",1.03618853991384,0.669780372184492,0.946935135500433
"NPTX2",0.982712166134519,0.664460548384817,0.946935135500433
"COL1A1",1.02043997307877,0.683082450525987,0.946935135500433
"PRRX1",1.02568274896774,0.681878475140406,0.946935135500433
"ST6GALNAC5",1.03852640496914,0.685399205125556,0.946935135500433
"CD244",0.947011393323659,0.666050984017669,0.946935135500433
"INHBA",0.978715587306052,0.683785300696025,0.946935135500433
"RASSF8",1.0367101816483,0.666816858523947,0.946935135500433
"CLEC10A",0.971401142487782,0.672789807331894,0.946935135500433
"SELENBP1",0.97844826734606,0.681820165839268,0.946935135500433
"EDNRA",0.970076293984068,0.67226655423158,0.946935135500433
"NCAM2",1.07128522077815,0.662290894690805,0.946935135500433
"FAT3",0.830398053153449,0.683750545341228,0.946935135500433
"PRKCB",1.04019755593899,0.673875186046561,0.946935135500433
"C15orf48",1.0227155027374,0.681816091089496,0.946935135500433
"GPR25",0.951616492542754,0.681344398695528,0.946935135500433
"C11orf86",0.981126371987118,0.66614344536179,0.946935135500433
"OLR1",1.02362213048844,0.681141627755627,0.946935135500433
"TUBAL3",0.976219888173805,0.674825573780987,0.946935135500433
"RNF186",1.02426324951669,0.665657843512735,0.946935135500433
"TNFRSF18",1.03640973217582,0.665867093800273,0.946935135500433
"RASSF9",0.954338796560273,0.676809090046061,0.946935135500433
"IGLV1-47",0.986588961355566,0.676082349576716,0.946935135500433
"IGLV3-25",0.98653266147239,0.658724053276417,0.946935135500433
"IGHV3-15",0.986979881984337,0.676398067779056,0.946935135500433
"MEG3",1.04744608925482,0.659361472731706,0.946935135500433
"POT1-AS1",1.20700631135268,0.670660395361671,0.946935135500433
"LINC01876",0.960801294173439,0.681375400576551,0.946935135500433
"LINC00954",1.06146053180071,0.659639841032207,0.946935135500433
"TNFRSF13B",1.05641860786901,0.685567061199944,0.946935135500433
"IGKV1-8",1.01819110790087,0.685464849998735,0.946935135500433
"AC005062.1",0.928782325718571,0.672381928822585,0.946935135500433
"AC116345.1",1.03513380683286,0.673094508576084,0.946935135500433
"CHCHD10",1.03573425420623,0.662637956960488,0.946935135500433
"IGHV3-6",0.973615922205839,0.6850947404183,0.946935135500433
"AC010834.3",0.960217066837834,0.674676010796004,0.946935135500433
"IGLL5",1.03118990416416,0.660791323954036,0.946935135500433
"IGKV1OR2-6",0.977920083313658,0.683557966828492,0.946935135500433
"SCO2",1.03603480256253,0.676831617658759,0.946935135500433
"IGLV2-18",0.986199440484322,0.687423185483921,0.948531992190136
"AC026369.2",0.938002144967665,0.688554911377874,0.9491270650224
"PDGFC",0.967860768332669,0.690585406251508,0.949993122305373
"LINC01133",1.03225832387641,0.69050355752538,0.949993122305373
"COL5A1",1.02517562873868,0.691741485172597,0.950618369583031
"OASL",1.02918950546729,0.69650273645098,0.951968598544024
"FTH1",0.979318664041661,0.693568767890372,0.951968598544024
"NEB",1.06537330307306,0.696939372513411,0.951968598544024
"TRIM40",0.970474048767654,0.696652354631683,0.951968598544024
"AC004540.1",1.09403288524511,0.696001028257788,0.951968598544024
"LINC02446",1.0393081095974,0.695270750476205,0.951968598544024
"DHRS9",1.01632245199481,0.70385682584053,0.952773225788131
"LAX1",0.962203715840192,0.700410328318894,0.952773225788131
"CTHRC1",1.01867098897057,0.703828198687655,0.952773225788131
"PRKG1",1.04316598507315,0.701300260316885,0.952773225788131
"CARD16",0.961037879352017,0.702616775958725,0.952773225788131
"IGHV3-23",0.988130118031299,0.702060636709335,0.952773225788131
"LINC01752",0.968739030911643,0.700930059649197,0.952773225788131
"LINC01705",0.965328532031431,0.703834840051456,0.952773225788131
"AC100821.1",0.935296435963074,0.699262567013376,0.952773225788131
"SLA2",0.95819459784773,0.710034490759504,0.954186089130072
"NKG7",1.02282967619556,0.7102978669156,0.954186089130072
"SLC9A3R1",0.964036211717775,0.711238339499168,0.954186089130072
"BICC1",1.03188855183347,0.707029120021479,0.954186089130072
"CLDN1",0.981464816502056,0.708813426988795,0.954186089130072
"ROBO1",0.972420359144181,0.710847059330349,0.954186089130072
"IGLV1-40",0.988568983208434,0.709818525986438,0.954186089130072
"CHN2-AS1",0.971076135010863,0.709217838329748,0.954186089130072
"AC091182.2",0.966505183887319,0.706019286965305,0.954186089130072
"MIR4435-2HG",0.939367412645866,0.712728452149124,0.954295506583066
"IGHV1-2",1.01136494078378,0.712368777520598,0.954295506583066
"HECW2",0.943948353672242,0.715041465237421,0.955504127610163
"PHLDA1",0.975698048224112,0.714553301001945,0.955504127610163
"HMGA2-AS1",0.950540058485847,0.716669875209288,0.95673663143703
"HECW1",0.914943980880753,0.735856209220767,0.957698177504944
"EPYC",0.978743549251316,0.729961432230419,0.957698177504944
"HTR2A",1.07176917686114,0.727631336026887,0.957698177504944
"IFNG",0.960256467791234,0.729672583455154,0.957698177504944
"SPARC",1.02342054499303,0.727163000535013,0.957698177504944
"BTNL8",0.983076555954342,0.740262963839208,0.957698177504944
"CDH6",0.94904094687102,0.73579031107564,0.957698177504944
"TMEM54",1.0288199673963,0.728268218404051,0.957698177504944
"WFDC3",0.971006900233261,0.728635363782904,0.957698177504944
"ID1",1.01890362635304,0.725123997338538,0.957698177504944
"POSTN",1.01600759009981,0.730757809264376,0.957698177504944
"SOX5",1.07333008871522,0.73581166534111,0.957698177504944
"THBS1",1.02575874096439,0.718905814553931,0.957698177504944
"NKD1",0.984141593883273,0.727903406077157,0.957698177504944
"VASH2",0.94890328661262,0.730842258880093,0.957698177504944
"PWWP3B",1.05618773345277,0.73991915353202,0.957698177504944
"AHCYL2",0.977147948340323,0.734164501272844,0.957698177504944
"TNFSF13",1.03295946905264,0.727310954062887,0.957698177504944
"TMEM82",1.0217567588973,0.719996814203158,0.957698177504944
"ENDOG",0.979901309322397,0.737901689440249,0.957698177504944
"TK1",0.970966476309561,0.728357680378189,0.957698177504944
"SEPTIN1",1.04292668649786,0.740593868031913,0.957698177504944
"FCRL6",1.0543095581286,0.737301947133999,0.957698177504944
"SH2D1A",0.962035972045531,0.740714162380208,0.957698177504944
"ZFP92",1.05888219545184,0.723916787019087,0.957698177504944
"ALKAL1",1.02209840655531,0.729042274372061,0.957698177504944
"IGHV2-5",0.989698315054754,0.735699469806829,0.957698177504944
"BX322234.1",0.947980606286764,0.735248842041008,0.957698177504944
"LEF1-AS1",1.1677569757167,0.723492858050221,0.957698177504944
"RASSF8-AS1",1.08945728334384,0.726038369203755,0.957698177504944
"PCDHGA10",0.975372044151993,0.737386036294729,0.957698177504944
"Z97989.1",1.0652135536575,0.733635888440245,0.957698177504944
"AL049844.2",0.961830465816373,0.718881217128288,0.957698177504944
"NLRC3",0.954249312615985,0.74174498048212,0.958116728840107
"MMP11",1.01476060287811,0.744946200297868,0.959360581316966
"NINL",0.976920738711557,0.746762799489511,0.959360581316966
"CALCA",0.97714635469171,0.745038040442564,0.959360581316966
"COL15A1",1.02196035979751,0.744930671358835,0.959360581316966
"IGLV5-45",0.98852946057431,0.746956024567822,0.959360581316966
"IGHV4-31",1.01122517971907,0.746943467443139,0.959360581316966
"TNC",1.0161985874132,0.750804855221928,0.961892981602901
"PLXDC2",1.0218485824036,0.752721902981458,0.961892981602901
"NAPSB",1.02511859112887,0.751939323096102,0.961892981602901
"H2BC18",1.02574382463955,0.751384533786067,0.961892981602901
"AC245100.4",0.959089242716473,0.753187050539246,0.961892981602901
"IGHV2-70",0.987909290807166,0.750928883556703,0.961892981602901
"PLAAT2",1.01855567653999,0.755354727619351,0.963752971680057
"COL11A1",0.9857582416367,0.759824681527966,0.966270905522972
"SLC9A3",0.985064547113642,0.7596218874341,0.966270905522972
"SLC1A3",1.02444062418464,0.760893768408126,0.966270905522972
"CD40LG",1.03822833134409,0.758263993162629,0.966270905522972
"S1PR4",0.974606609236223,0.760294510705,0.966270905522972
"AC004687.1",1.02807347637801,0.761608670809721,0.966273173171509
"PCDHGA11",0.945146219786188,0.762659490469157,0.966701225056789
"MGAT2",1.03450250591044,0.763806030911102,0.966760608704665
"IHO1",0.914230702916522,0.764133292931879,0.966760608704665
"IGHV1-24",1.01030832072804,0.765723764189182,0.967763866970603
"PABPC4L",1.07076641511651,0.766354707940559,0.967763866970603
"ADGRF5",1.02490125418871,0.784903500329096,0.969875548470197
"ADAMTS2",0.983089588459072,0.774989794629514,0.969875548470197
"ATP5F1D",1.02337564242357,0.782733400984515,0.969875548470197
"SYNDIG1",1.02333136570515,0.782807839755105,0.969875548470197
"TSPAN1",1.01734635324716,0.772001633543058,0.969875548470197
"TWIST1",1.02058034357863,0.784235479446633,0.969875548470197
"KLHL31",1.04426080969182,0.775442693319953,0.969875548470197
"MT1G",1.01100699300829,0.784943986806612,0.969875548470197
"GZMA",0.982722934298402,0.769237744138513,0.969875548470197
"CFAP20DC",0.970188679867338,0.785076620405421,0.969875548470197
"ESM1",0.979598660582642,0.770530865367531,0.969875548470197
"PRND",0.963123570599272,0.779601878643016,0.969875548470197
"GNG5",0.979686430356613,0.772626583357806,0.969875548470197
"SHISA6",0.977444096300432,0.784291970092831,0.969875548470197
"C2orf72",1.02071808921766,0.781854779394287,0.969875548470197
"IGKJ1",0.992586715469029,0.781802181931113,0.969875548470197
"IGHD",0.985212613478575,0.785205517838972,0.969875548470197
"IGLV9-49",0.988674104740163,0.780768549041446,0.969875548470197
"AC009093.1",1.04081574082009,0.782540727178395,0.969875548470197
"AC134312.5",1.04007392038487,0.780140235460408,0.969875548470197
"IGHV3-69-1",0.98638602587281,0.784360970409215,0.969875548470197
"FRG1DP",1.03251939808481,0.771469067075921,0.969875548470197
"AC009975.1",0.970250171570397,0.770739267604235,0.969875548470197
"AC004522.5",0.975947411026257,0.782502093968585,0.969875548470197
"DKK3",0.976528077765661,0.785956442294264,0.969918924689187
"MAP7D2",0.987712912193752,0.786767496035746,0.970036357714682
"CDKL5",1.03791762486099,0.792259018608555,0.970769798204934
"APOL3",1.02106808008632,0.795866770407883,0.970769798204934
"IDO1",0.986023778683992,0.791245583087497,0.970769798204934
"PLAC8",0.988737388655207,0.795959591000503,0.970769798204934
"CD96",0.974249058874861,0.792262106218832,0.970769798204934
"DKK2",0.979102818202277,0.793876407281361,0.970769798204934
"TBC1D10C",1.02703534192938,0.791670499270524,0.970769798204934
"PRF1",0.982052285437607,0.788247469694758,0.970769798204934
"SH2D1B",1.04991931718466,0.793561172338595,0.970769798204934
"IGLV4-69",0.991845328006179,0.791153195481212,0.970769798204934
"IGLC3",1.00876506784247,0.792624623470574,0.970769798204934
"LINC01094",0.965006779010383,0.794800182943116,0.970769798204934
"C17orf97",1.02830221851864,0.800642938775582,0.975603580972045
"CD74",0.985532611059936,0.829533746935102,0.975993048238026
"MS4A12",1.00752111186408,0.805685819901835,0.975993048238026
"IL12RB1",0.977357035120714,0.814957339372358,0.975993048238026
"DERL3",0.981207009530129,0.827467279242971,0.975993048238026
"GNLY",0.985905902543191,0.829460095872516,0.975993048238026
"MFAP2",1.01559828541888,0.812698621627436,0.975993048238026
"RASL11A",0.985183691318915,0.821001006254034,0.975993048238026
"COL10A1",1.00875623607163,0.820291509159563,0.975993048238026
"TNFAIP6",1.0147298007112,0.806129811825083,0.975993048238026
"RUNX2",1.02062983656316,0.826439375433635,0.975993048238026
"MRO",1.05199274965197,0.807958626602988,0.975993048238026
"RTP4",1.019724097592,0.826246781512425,0.975993048238026
"SULF1",1.0117277289306,0.817205125320185,0.975993048238026
"CASP5",0.985167915121462,0.80587862549846,0.975993048238026
"TET1",1.04117617433097,0.832655323810449,0.975993048238026
"ITGB7",0.979208232442514,0.821379868456057,0.975993048238026
"IL17RD",1.02078664675455,0.805549538022092,0.975993048238026
"TENM2",1.05542343956084,0.82878358793965,0.975993048238026
"ADAM12",1.01257440998477,0.825855435858263,0.975993048238026
"C20orf144",0.950501635462007,0.814941983457802,0.975993048238026
"AKR7A3",0.982322329398888,0.828611013675589,0.975993048238026
"COL1A2",1.01304964234518,0.813890554230749,0.975993048238026
"FBN1",1.01489906240122,0.810967321812801,0.975993048238026
"CDC42EP5",0.985048604231014,0.812465727132509,0.975993048238026
"TTLL6",1.02305687936742,0.829359137687705,0.975993048238026
"TLR10",0.96894731279087,0.821568980843478,0.975993048238026
"ARL10",1.03008971451876,0.827440901537074,0.975993048238026
"FOXC2",0.973782620451037,0.814479636804315,0.975993048238026
"PAPPA",0.967728336857209,0.805425451963104,0.975993048238026
"GPC6",1.01916546589218,0.808561994916732,0.975993048238026
"IGLV6-57",0.992623896094747,0.812862790473748,0.975993048238026
"IGLV2-23",0.993399737382836,0.830236000430755,0.975993048238026
"IGHA2",1.00524879513784,0.832255823759304,0.975993048238026
"IGHV4-61",0.990669070297505,0.80959886977713,0.975993048238026
"AL163953.1",1.01641965917444,0.832301232247363,0.975993048238026
"IGHV3-72",0.992831641098755,0.832270226699528,0.975993048238026
"EMX2OS",1.04161829421631,0.828909185906935,0.975993048238026
"LINC02669",0.891249832714225,0.819587189605201,0.975993048238026
"MTFP1",0.978718715623049,0.819412053995717,0.975993048238026
"IGHJ3",1.00670588917285,0.821007324732525,0.975993048238026
"IGKV3-15",0.99303474516106,0.832527844347056,0.975993048238026
"NR2F2-AS1",1.06413923202906,0.829882381575931,0.975993048238026
"IGLV2-5",0.988023945118691,0.803214579430558,0.975993048238026
"CA3-AS1",0.970760274724214,0.831841285060816,0.975993048238026
"TJP3",0.980815116680234,0.83759917922041,0.97677841238148
"TNFSF4",1.01723006123444,0.837525951012333,0.97677841238148
"NEK10",0.950719013757829,0.839549227878192,0.97677841238148
"VWA2",0.988533913059789,0.838740719281056,0.97677841238148
"GPR176",1.01927232612586,0.83661913521671,0.97677841238148
"AURKAIP1",1.02004887983941,0.836986675609996,0.97677841238148
"COL5A2",0.987644347990713,0.835543545472015,0.97677841238148
"NCR3",0.972215079140581,0.838927942162891,0.97677841238148
"IGKV3-7",1.00972773079817,0.839813173744963,0.97677841238148
"EMC6",1.01867257442758,0.844179409205425,0.980084448497542
"IGLV4-60",0.993147498440201,0.844769145376578,0.980084448497542
"AC079145.1",0.950072467053483,0.844825561509321,0.980084448497542
"GRAP2",0.972391258734992,0.845808758336906,0.980385686523959
"ITM2A",0.987932343039241,0.859616140983736,0.980936637684115
"SALL4",1.01309492942404,0.863817506193859,0.980936637684115
"CD79A",0.991660795311677,0.855730301347246,0.980936637684115
"LOX",1.01262357282398,0.855534787303576,0.980936637684115
"ITM2C",1.01115853699635,0.861829057375723,0.980936637684115
"TMPRSS13",0.989416645106512,0.860857558209574,0.980936637684115
"CD27",1.01394214645888,0.856941153532282,0.980936637684115
"CDH11",0.987970058756501,0.863422854336892,0.980936637684115
"GPR174",0.977577843876712,0.863615485898446,0.980936637684115
"DOK2",1.01324644224862,0.863618173519823,0.980936637684115
"SCHIP1",1.05111306741379,0.859155799673116,0.980936637684115
"CCDC148",0.961312543031393,0.860325864052521,0.980936637684115
"IKZF3",1.01481788489621,0.864634619134616,0.980936637684115
"AIM2",1.01222514768401,0.851700713379901,0.980936637684115
"HAS2",0.986265452997931,0.862995708503642,0.980936637684115
"TMEM37",1.01031976365904,0.865757475125566,0.980936637684115
"CD7",1.01231155589051,0.856946522503935,0.980936637684115
"PCDHB9",0.980243768115592,0.855212903934922,0.980936637684115
"IGKC",1.0055736294697,0.865830419682805,0.980936637684115
"IGLC2",0.994045517331506,0.862222790441883,0.980936637684115
"IGHV2-70D",0.992427024684719,0.857941302394317,0.980936637684115
"SNHG14",1.02794684263882,0.856057358890282,0.980936637684115
"AC007128.1",1.01882879219983,0.854867532410497,0.980936637684115
"DNM3OS",0.982625686996704,0.862206032108043,0.980936637684115
"PSME2P1",0.983639563370257,0.860058532687706,0.980936637684115
"HLA-DMB",0.987866219252567,0.863805434465417,0.980936637684115
"AL353593.1",0.926036551442648,0.84936673687322,0.980936637684115
"FSTL4",1.02309356246236,0.867197401555081,0.981664560657589
"SLC40A1",0.987012007582963,0.870510982664517,0.982951984592017
"TMEM238",0.990081826210231,0.869988413474208,0.982951984592017
"MSC-AS1",0.970986122073328,0.869532320723541,0.982951984592017
"ITGAL",1.01448829934579,0.875642737143274,0.983081844827418
"RGS17",0.970837457484488,0.874944007854651,0.983081844827418
"APOL1",1.01010057228281,0.875810365163988,0.983081844827418
"COL6A3",1.00923737163049,0.875257906284616,0.983081844827418
"MLF1",0.990207929712483,0.874615556530347,0.983081844827418
"CKMT1A",0.985709218628307,0.877155682949335,0.983081844827418
"GRASLND",0.962639690400842,0.876749525719606,0.983081844827418
"IGKV3-20",0.994995155145525,0.876995848225069,0.983081844827418
"PRECSIT",1.01748663139254,0.876943465227123,0.983081844827418
"POU2AF1",0.989855658614612,0.879901993254557,0.984531132006544
"PLPPR4",1.0200129498132,0.879249863193581,0.984531132006544
"STYK1",0.987553065988469,0.885949581070794,0.984792408972933
"PMFBP1",1.01456570730217,0.885995113513359,0.984792408972933
"KRT17",0.99371934703561,0.881226963485698,0.984792408972933
"EDA2R",1.01459923305885,0.88277376089048,0.984792408972933
"NUDT8",0.988563068832249,0.882456621711488,0.984792408972933
"IGKV3D-11",0.993377999018476,0.883583969895319,0.984792408972933
"IGHJ2",0.995292369185315,0.886651642861044,0.984792408972933
"IGKV2-30",0.995255208332625,0.886676560108471,0.984792408972933
"MRPL12",1.0097401867598,0.884008649539113,0.984792408972933
"SNCAIP",1.01175986668212,0.888996715056508,0.986560646111031
"AL157700.1",0.976694527381943,0.89072858029184,0.987673671272867
"MT1M",1.00512911750054,0.891866592679177,0.988126928111434
"WT1",1.0142099211829,0.892794572895293,0.988346933229674
"TMIGD2",1.01468574613478,0.894893331138575,0.989054211821182
"HLA-DPB1",1.0085303435086,0.894208108317037,0.989054211821182
"COL24A1",1.01881723685964,0.896191558113649,0.989681794004886
"GRM2",0.942135006550062,0.899749088805334,0.990664418402348
"ZNF354C",0.982429527730316,0.89871100264375,0.990664418402348
"CLDN7",0.98617064285492,0.900705215852805,0.990664418402348
"SIGLEC15",1.01042016798182,0.900736947211581,0.990664418402348
"THBS4-AS1",1.02531814641634,0.899682654094907,0.990664418402348
"PSME2P2",0.990095261602011,0.90155559009269,0.99076060387315
"TEX11",0.983258269186087,0.902534734325245,0.991032872780152
"ANOS1",0.991490305357863,0.903470524267824,0.99125713391328
"GSDME",1.0129997646034,0.907396459653656,0.991550163573148
"CFAP74",0.965075478010641,0.90576497553966,0.991550163573148
"GUCY1A2",0.983917783545158,0.906758781456233,0.991550163573148
"HLA-DRB1",1.00715247459948,0.905032498052556,0.991550163573148
"TRGV10",0.987105700563342,0.906547694587435,0.991550163573148
"COL3A1",1.00629255832416,0.90918158234134,0.991901001668692
"IGLV3-10",1.00361140207524,0.908569698314328,0.991901001668692
"FLJ46284",0.964362005436989,0.911339601292062,0.993455478480084
"DCN",1.00487766048881,0.927776432809253,0.994915677808271
"ANGPT2",0.991096370558143,0.933972503448059,0.994915677808271
"TMEM156",0.986179193976773,0.920843556294114,0.994915677808271
"ARHGAP9",1.01041457372611,0.917642084139905,0.994915677808271
"LUM",0.99547861781824,0.933684751119317,0.994915677808271
"XCL2",0.989216344381963,0.918249775678165,0.994915677808271
"FOXQ1",0.996237182357655,0.927821871683393,0.994915677808271
"IGF2",1.00368007857492,0.927957306498684,0.994915677808271
"CYP7B1",0.992291242099664,0.932261982132994,0.994915677808271
"FAM182B",1.0466280480723,0.917227698701939,0.994915677808271
"PLA2G2A",1.00271821435426,0.923171165428998,0.994915677808271
"CD3E",0.993818991176854,0.93176555205126,0.994915677808271
"HLA-G",0.992627829125733,0.914397657971428,0.994915677808271
"NAT8B",1.00515594359481,0.924803633103757,0.994915677808271
"IGLV1-51",1.00525034859174,0.916729506014467,0.994915677808271
"IGHV1-3",0.997511955992999,0.93270780153239,0.994915677808271
"IGHV4-28",0.996014367733154,0.921835998856292,0.994915677808271
"IGHV3-49",0.99706845885503,0.929645493663076,0.994915677808271
"ASS1P1",0.988651675495892,0.927532472982034,0.994915677808271
"SLAMF6P1",1.00844199053237,0.925868850763949,0.994915677808271
"AL109615.2",1.03716354171301,0.914325115766575,0.994915677808271
"IGKV1-27",0.997126785544583,0.932619014028161,0.994915677808271
"IGHV3-62",0.995279095517089,0.930015266746047,0.994915677808271
"IGHV3-71",0.994397014020844,0.930933564960458,0.994915677808271
"IGHV1OR15-2",1.00468226909911,0.93215950886433,0.994915677808271
"IGHV3OR16-8",1.00620874905597,0.924536286871038,0.994915677808271
"CCL5",0.994641161080644,0.926210088629108,0.994915677808271
"AC107294.2",1.02757734738289,0.924187580660587,0.994915677808271
"IGHV4-4",0.996793465944923,0.922712389357921,0.994915677808271
"TESPA1",1.01209678063095,0.937176807795251,0.995605868381427
"DUOX2",1.00288371163263,0.937559474579115,0.995605868381427
"GDPD5",0.994986001063772,0.937492215207892,0.995605868381427
"BATF2",0.993321878314255,0.9368220643216,0.995605868381427
"KLF4",0.994921585878855,0.939926747630218,0.996098534421132
"IGLV3-21",1.00241805159632,0.940228801125187,0.996098534421132
"TAF5LP1",0.990953756004268,0.940198586862266,0.996098534421132
"VCAN",0.996427448990157,0.952894012060114,0.996451435834876
"MOV10L1",0.976843683827807,0.943780090574863,0.996451435834876
"FAP",1.00374354231035,0.952304819904155,0.996451435834876
"MMP2",1.00366607977929,0.949043532340834,0.996451435834876
"PSME2",0.992056643180782,0.942644353403069,0.996451435834876
"CST4",1.00475565200976,0.949511914336936,0.996451435834876
"KIAA1549L",1.00585160878266,0.950426964769965,0.996451435834876
"FASLG",1.00773732968082,0.945222762378647,0.996451435834876
"LOXL2",0.995407462234428,0.953063513536531,0.996451435834876
"NLRP12",0.980191126407218,0.948865922904611,0.996451435834876
"KIAA1755",1.0071317262909,0.949136790026848,0.996451435834876
"CTSW",1.00436714801676,0.951002800464778,0.996451435834876
"IGLV1-44",0.998045292965143,0.952493021489013,0.996451435834876
"IGLV2-11",0.997908227569038,0.94507539978874,0.996451435834876
"IGKV1D-8",0.996695144201334,0.943452890124559,0.996451435834876
"IGKV3-11",0.998087333378636,0.950816970291406,0.996451435834876
"IGKV1-12",0.99738274622472,0.941348399736489,0.996451435834876
"WASF3",1.004769777616,0.955653494535755,0.996757693487491
"SCEL",0.995809055750521,0.954986145101933,0.996757693487491
"SQOR",0.994622252057747,0.95629889412084,0.996757693487491
"LGALS17A",1.00751486874083,0.955730932338172,0.996757693487491
"PCDHB3",0.991274301845249,0.959989146659143,0.998300302166645
"CSMD2",0.990596301794347,0.959731421733155,0.998300302166645
"COL27A1",0.996244311534049,0.959693122406515,0.998300302166645
"TNNT2",1.01091213288464,0.965584514523189,0.998919422995397
"GLT8D2",1.00325117384966,0.968718101676442,0.998919422995397
"SIT1",1.00370643390564,0.962022496995164,0.998919422995397
"SCUBE3",1.00371140563986,0.964137774375618,0.998919422995397
"ADAMTS3",0.989735438663014,0.967256177974741,0.998919422995397
"PYHIN1",0.994970555434455,0.973327477175064,0.998919422995397
"XIRP1",0.991278433632946,0.965570107413392,0.998919422995397
"ANTXR1",0.998149143715001,0.973854286182228,0.998919422995397
"MZB1",1.00190807814436,0.969054677528955,0.998919422995397
"MCEMP1",0.996962371014364,0.969921938564596,0.998919422995397
"RFX8",1.00861315933735,0.970882165056419,0.998919422995397
"TCF4",1.00442571156296,0.964085485245098,0.998919422995397
"TRAV13-1",1.00376220502192,0.968302583870554,0.998919422995397
"IGHV4-59",0.998900569023582,0.972902671920608,0.998919422995397
"ZNF469",0.995797524613211,0.964590682055706,0.998919422995397
"IGHJ4",0.998981068158237,0.971807492463156,0.998919422995397
"IGHV3-30",1.00140031072295,0.965912940118135,0.998919422995397
"IGKV1D-12",0.997991740048365,0.971389777590377,0.998919422995397
"BCAT1",0.999909788737172,0.999091811069331,0.999459034359986
"CPXM1",1.00086793394128,0.989630728774616,0.999459034359986
"ULBP1",1.00093619952855,0.994424104848532,0.999459034359986
"FBXO6",1.00135810417338,0.988032783280572,0.999459034359986
"ZNF831",1.00553740625418,0.983726071287385,0.999459034359986
"ITGA11",0.999314735495067,0.991690207591659,0.999459034359986
"PTPN7",0.998572643065101,0.984080628431175,0.999459034359986
"ST6GAL2",0.999577738268984,0.99567024522731,0.999459034359986
"CORIN",0.997181904885183,0.982991627921216,0.999459034359986
"SCUBE1",1.00441747648812,0.977476265778337,0.999459034359986
"SLAMF6",1.0002782482669,0.997290912087079,0.999459034359986
"MESP1",1.00030181170821,0.99667280285146,0.999459034359986
"RAB31",1.00161226271801,0.979631881647548,0.999459034359986
"CD52",1.00057663430572,0.993298773057223,0.999459034359986
"SFN",0.999115542759636,0.990632482569494,0.999459034359986
"DPM3",1.00156686390414,0.983937616851001,0.999459034359986
"LDLRAD3",1.00176155029338,0.982813136265696,0.999459034359986
"RGS7BP",1.00012416293428,0.999459034359986,0.999459034359986
"DTHD1",1.00575596088195,0.98428529296886,0.999459034359986
"MT1F",1.00090478416012,0.988127586674764,0.999459034359986
"PSMB10",1.00038684547612,0.996725530993385,0.999459034359986
"DOK6",0.99954767236247,0.99848670797078,0.999459034359986
"IGLV3-9",0.999459964252585,0.988291884455414,0.999459034359986
"TRBV19",1.00288847704384,0.977340189927873,0.999459034359986
"IGHA1",0.999624965402747,0.989431740541608,0.999459034359986
"IGHV5-51",0.999923708681604,0.998025612591521,0.999459034359986
"LMCD1-AS1",1.01114101811676,0.979388242600356,0.999459034359986
"HLA-DPA1",0.999640580502262,0.994899559795834,0.999459034359986
"TRBV29-1",1.00063702370918,0.994381780212356,0.999459034359986
"IGKV1-6",0.999488728490363,0.988301900812019,0.999459034359986
"IGHV3-19",1.00051134834654,0.993275317492292,0.999459034359986
"IGHV4-55",1.00060393983786,0.988300408637955,0.999459034359986
"H4C5",1.00064980642799,0.991656354606715,0.999459034359986
"AL158064.1",1.00255246003939,0.992754486048361,0.999459034359986
