"gene","HR","p"
"NKAIN4",1.73878566810654,2.54563162232248e-05
"PRG4",1.31547986255266,0.000129662437551069
"SYPL2",1.71165190534374,0.00019403219368897
"SUSD5",1.54392026068234,0.000320007961652392
"MIR9-3HG",2.94753213354069,0.000346226936599106
"SIX4",1.48912916227333,0.000462499769037104
"CLDN11",1.3957005964695,0.000473294934199438
"IGLON5",1.64650127127821,0.000649479354186254
"ADGRD1",1.54421117136143,0.000730317373215411
"LRRC4C",1.96793454259238,0.0007800604801785
"EXOC3L4",1.40049499729645,0.000837068468095177
"PRELP",1.16142900123401,0.00108856617440146
"PLXNB3",1.3153302422259,0.00129912914223599
"RYR2",1.41520544492784,0.00209460153297589
"ACTC1",1.28581826781268,0.00214558327992049
"INHBB",1.17459279141483,0.00217036838852783
"H19",1.11197406290305,0.00224361256076118
"C8G",1.20604423162421,0.0024619062239995
"WNT5A",0.79425164537456,0.00270004894777959
"PNMA8B",1.75939835868942,0.00280073836746941
"PCDHB2",1.44984622030749,0.00289687108721408
"HEYL",1.31791893594929,0.00317523620925454
"SPATA12",0.66375718885799,0.00326939753965967
"LRRN4",1.53362179413918,0.00328941031134631
"LAMA2",1.24757376310017,0.00334195450349903
"TSPEAR",1.31030610689596,0.00359456632048157
"DTNA",1.31371320976058,0.00367683660190943
"LINC00702",1.57165033168927,0.0036793870810061
"SHANK1",1.92671947710062,0.00394681150144872
"S1PR3",1.34380419379349,0.00423474571112949
"XG",1.31423696681493,0.00434941278822951
"PCDHB5",1.55230699499287,0.00441183757729836
"AC093849.2",1.33680989247484,0.00446342522602109
"XCL1",1.30077941319846,0.00469601549016619
"MYH16",1.71081901412264,0.00476387267451222
"CSDC2",1.2782753320431,0.00485829859511521
"SFRP2",1.09195633539587,0.00633072621760049
"PTGIS",1.16652064576586,0.00646679051286537
"HBA2",1.14827462384306,0.0074663079862824
"SPEG",1.22883993264433,0.00752879524028147
"RTL8B",1.26188445572195,0.00760304208927329
"FGF12",1.87908332649869,0.00764440659547849
"TNS1",1.14931835583662,0.00805385491010568
"KCTD16",0.393843872157915,0.00868156714739302
"ANKRD6",1.46193767903819,0.00905706999712491
"CDO1",1.2250574256382,0.00933475733688302
"AGTR1",1.22656877157995,0.0101974209052309
"MAP6",1.35085149851047,0.010365276039919
"CILP2",1.22998719037654,0.0104152967631306
"TGFB3",1.18516309956233,0.0105013529056812
"ICOS",0.747644315158272,0.0107351749577637
"NOS2",0.886180995114696,0.0107702437327613
"FAM155A",1.43643286137282,0.0109396295277489
"GRP",1.16208308192144,0.0110253889599687
"ASRGL1",0.811335928218637,0.0112613742551824
"ABCC9",1.29023497276522,0.0114470182147599
"DNAH17-AS1",1.9573962996209,0.0118632947857651
"EBF3",1.47176898262388,0.0125197466040396
"PLA2G5",1.25758597927013,0.012778233103229
"CGNL1",1.2566894319637,0.0129135797387932
"PPFIA4",1.48684206453885,0.0129443556231267
"NKX3-2",1.25910270664165,0.0133048374015011
"TNFRSF19",1.164742610465,0.0135984390845394
"NPR3",1.22766013891717,0.013996285460017
"SIX1",1.36796030731755,0.0142124484266192
"NUDT10",1.38003896661357,0.0142746413576534
"NAT1",0.786533761240218,0.0144381869736141
"NAV3",1.51726716302066,0.0146010337596748
"AC018641.1",1.27198971724028,0.0149120636084727
"WWTR1",1.18932052126706,0.0160802450692849
"PCDH10",2.09086773778215,0.0165497286692623
"MN1",1.24279189088444,0.0179197041409064
"FOXS1",1.25373441700191,0.0183878158791688
"MPPED2",1.65227850013846,0.0194440823959931
"NPTXR",1.16453294874454,0.01962298045027
"AC026471.6",1.62059144051207,0.019806089473701
"EYA4",1.51560234496447,0.0200004034423256
"TSPEAR-AS1",1.33216580610968,0.0206037266173929
"KCNE4",1.20748003761517,0.0222262392236006
"VEGFC",1.23861921398781,0.0232880951668354
"ACTA2",1.15174352789475,0.0234961932089097
"CCDC8",1.20755165590463,0.0250810564596716
"TGFB2",1.2191621032388,0.0250879308505697
"AL049838.1",1.30008957319772,0.0273851466074992
"AP001189.3",1.22829169503914,0.0280649292620421
"NOTCH3",1.18224347531184,0.0289493937983043
"PRICKLE1",1.39021542461565,0.0291777415673211
"CERCAM",1.16461982781639,0.0298558112051175
"DSG4",0.667557353915085,0.0304692609859718
"TUB",1.29260486793365,0.0304749021890081
"DAB1",0.672711622792432,0.0315688126931628
"EPHX3",1.21424894974056,0.0316006043219779
"WTIP",1.38493267945882,0.0320890361766428
"GALNT15",1.200571035016,0.0329426152353271
"SLC2A3",1.14638176745104,0.032944989693427
"EBF2",1.38828195073272,0.0338906767649343
"PLN",1.10105061956798,0.0340194667099964
"ANO4",1.62012941667182,0.0342944248782607
"ZFPM2",1.2980511727199,0.03629624877702
"PGR",1.41870666894789,0.0364786986079116
"SSC5D",1.13904630815322,0.0377943755524123
"PCDHB7",1.32120247194314,0.0380417689026752
"CXCL11",0.910130996474652,0.038216978592878
"LZTS1",1.2103100170096,0.0402739726928795
"LHFPL6",1.19303743917465,0.0402756357906445
"GAS1",1.10869166887526,0.0418264872564944
"DACH1",0.891877477012284,0.0422146466914596
"PCDHB12",1.28070391224613,0.0427998834886094
"CPXM2",1.12235815924948,0.0429327680621766
"MESP2",1.25094144259749,0.0440836029812343
"PCDHGA4",1.59011293037368,0.0441250075759253
"KANK4",1.25613713668697,0.0443809282911049
"ZFHX4",1.26686445314571,0.0462826801612622
"FJX1",1.1890335419961,0.0471993871698736
"AC004837.2",0.814291258447101,0.0480461484784811
"STK32A",1.50652729454477,0.0486581608474913
"MXRA8",1.1507994818021,0.0491392004776659
"ARMCX2",1.17225140680963,0.0491953952675107
"P2RX5",1.24864324528053,0.0494497007971428
"SGCE",1.28029769458234,0.0503325068197921
"CXCR6",0.83533291198758,0.0507480850094971
"MAP1B",1.15996073393167,0.0512341386565772
"ITGA5",1.13625032085944,0.0528201971787656
"ISM1",1.14036771528223,0.053799266623878
"SMIM10",1.16505975760041,0.0543251967587681
"GDF6",1.39528626260363,0.0543715884937745
"BMPR1B",1.25841131851392,0.0547030996791525
"LINC00571",0.66920922456945,0.0555901214359967
"RCN3",1.1591022841976,0.0562035872744542
"AC099792.1",0.747382275222143,0.0569650015138876
"ETV7",0.856402617948986,0.0574068689637782
"HOXD1",1.28318847260752,0.0583867474495855
"PHLDB2",1.16633161207559,0.0584382198532739
"SLC6A17",1.54319629299387,0.0585656120120093
"DIO2",0.854835041021683,0.0599453713110245
"SUGT1P3",0.777061823815437,0.0600591482973479
"SLITRK4",1.45891401449885,0.0624582970192942
"MEOX2",1.1520543208999,0.0625690943042632
"FAM180A",1.21630800267624,0.0629923374708825
"GLIS2",1.16472231696544,0.0638388125909112
"UCN2",0.786459396610382,0.0639841371805971
"NKILA",1.17191489094143,0.0639946547550295
"SLIT2",1.15831256021929,0.0644930015450995
"STON1",1.16885554225745,0.0661033215452273
"LTBP1",1.15527786782048,0.0668936476965859
"CALML3-AS1",2.02390574840306,0.0670004957865504
"ARMH4",1.25224974526946,0.0675981192754478
"ADAMTS16",1.19599943705713,0.0681683098859472
"ADAMTS10",1.23165639118166,0.0684097200856878
"APELA",0.645710798518742,0.0685631679674947
"ISLR",1.11032502777404,0.0686938997851008
"NLRC5",0.841303748906614,0.0708123340577586
"C1QA",1.11975557258816,0.0709868713102084
"RAMP2-AS1",1.29033246806223,0.0710379937944817
"CYP1B1",1.11490867380376,0.0712052784553983
"CXCL13",0.916568423009555,0.0714151986397658
"RPRM",1.19320958328196,0.0717575354709236
"LINC02418",0.926308196819388,0.0724382364999904
"APCDD1L",1.24948438525986,0.0725547584481045
"HS3ST2",1.19415943581949,0.0725585668280835
"TAP1",0.8694897393611,0.0728771247615911
"MAL",1.15226694417145,0.0742545326315828
"UBE2QL1",1.26254635798214,0.0743094369586077
"ADCY2",1.51095881625808,0.0744742343774996
"EBF1",1.21274909898889,0.0746464200178314
"OBSL1",1.12302037242037,0.0746600285935543
"CACNA2D1",1.1691056338157,0.074900404591386
"CNTN1",1.18425863888602,0.0758435282451796
"EFEMP1",1.10623057674274,0.0760420732446256
"DPYSL4",1.25672504001183,0.0764387372731544
"LY6H",1.21365686846457,0.0765186352828736
"ITIH3",1.16031416386149,0.0766817203999666
"LINC02251",0.800583247718156,0.0766923913715254
"HTRA1",1.13888764236383,0.077017242632779
"PCDHB16",1.16766040306243,0.0771485613542917
"SLC6A8",1.11851819861641,0.0772255943214058
"GLRB",1.25014630838589,0.0795148427172754
"LINC01096",1.30861397782031,0.079891404471833
"TMEM233",1.32415987868017,0.080271560322856
"ATP8A2",1.55028817589288,0.0807461836352988
"LRRC17",1.20242561554188,0.0807953200174156
"PLXNA4",1.2542105170267,0.0810554358855045
"E2F2",0.829262069754572,0.0818613971197096
"PSMB9",0.877211111915487,0.0828101935887209
"COMP",1.06846267028521,0.0828503122774338
"LAG3",1.15741616599486,0.0832122641907592
"PCDHB6",1.31682137263583,0.0834466838160679
"C14orf132",1.16465894577137,0.0858270352231708
"FCRL2",1.25937524192241,0.0869327971177604
"PDLIM4",1.12965782099813,0.0870294281315926
"SPOCK1",1.0973367887911,0.0876599658057615
"BEND6",1.37864596670867,0.0888162712874924
"LRRC2",0.862079897165846,0.0891320315528545
"MEIS3",1.18433347784038,0.0897245696004857
"NRK",1.26770768487033,0.0902635457658136
"AC007406.3",0.760492837726061,0.0903635884478827
"SLC6A6",0.897944562218626,0.0904776041494785
"MAP1A",1.14263468214554,0.09170569823574
"WNT2",0.892683826016239,0.0924562990816749
"RNF180",1.23215943380301,0.092945584963162
"DELEC1",0.662654017179766,0.0935895822691077
"RNF5P1",1.1220855520455,0.0936443420708006
"PRDM5",0.799350985548699,0.0936865666452408
"SLC6A1",1.45485518455651,0.0937466830784292
"TRPC1",1.20733159523754,0.0938712077848917
"NAP1L3",1.18148395406638,0.094363596577038
"FUOM",1.13626038610821,0.0949725608467201
"CCDC144NL-AS1",1.4690048169734,0.0952097659522526
"AR",1.23969499102503,0.0953719652876578
"HDAC2-AS2",0.547455676048656,0.0956866058321929
"C1orf105",1.221532544234,0.0973819677573597
"BST2",1.08920194037834,0.0986587805117396
"AKAP12",1.09276987375522,0.0989864418406613
"IGLV8-61",0.95021817841563,0.0991716630481641
"FCRLB",1.24440128473252,0.0994408744216276
"CFD",1.07541326300362,0.0998622384629554
"NRXN3",1.15313480406788,0.100337921412341
"PTGER3",1.18557768906453,0.100412392680304
"PCDHGB7",1.19281808504638,0.101054583637121
"ADAMTS18",1.40945551374871,0.101131739996292
"SHOX2",1.27129076770539,0.102855362603263
"ATP10A",1.25849285821442,0.103311134253672
"BGN",1.09137084887626,0.10405073998692
"REG4",0.960913733805555,0.105001076019489
"CASP1",0.898176043602078,0.107237896430789
"PDLIM3",1.1157237388155,0.107240213552081
"CCN1",1.10403230102241,0.107254171639942
"APOBEC3D",1.56248675723793,0.107331029593731
"MSRB3",1.10174659847265,0.108335841968021
"IGKV2D-29",0.939335282891952,0.10840000454242
"KCNQ3",1.34357610669186,0.108647128682499
"MFAP5",1.08621536150265,0.108869875365754
"MIR31HG",1.17626696051944,0.109713719438655
"AC108463.1",0.849979009212629,0.109880082523259
"IGLV7-43",0.945372115714927,0.111816805912032
"LARP6",1.16719998888232,0.112142471795207
"LRRTM1",1.17847030184023,0.112298622576567
"C19orf38",1.1509281714114,0.112367526363537
"FIGN",1.39875812622887,0.112760116860566
"FBXL7",1.16103078678334,0.112978896454166
"AC092535.5",1.13964429400967,0.113173148024357
"ZNF667-AS1",1.43332988455139,0.113690836355357
"AC019257.1",0.746831223399239,0.113744034273941
"ENPEP",1.16149101037477,0.114749130968587
"NRP2",1.12516679825104,0.115818916754393
"SLC2A12",0.888446089930277,0.116856361067805
"PCDHB8",1.15764181934615,0.11760259809365
"AEBP1",1.09097008432853,0.117675071035525
"GZMK",1.17906042305417,0.119895777248838
"DPYSL3",1.09897238384747,0.121113979805845
"USP51",1.31160362057877,0.122226317097624
"CHST1",1.1819053207988,0.122258790291413
"ASB2",1.11793247652601,0.122977124460035
"RBMS1",1.12886428354331,0.124015506997489
"SLC25A5",0.86371986302703,0.125337673909405
"SCARF2",1.11622886180969,0.127465615660107
"AC013470.2",1.37895990587525,0.129332122395543
"CCDC80",1.08487627680384,0.129583773421054
"PRDM6",1.21447950119545,0.13077364971471
"CALD1",1.09174752227095,0.131628728409792
"IGLV1-36",1.06133566353589,0.131700533278212
"MPDZ",1.14953766466677,0.131995265456152
"HHIPL1",1.20445324907589,0.132157638731877
"TNFRSF13C",1.1622633005646,0.133523240165232
"PRICKLE2",1.18533265335535,0.133769395130557
"NUGGC",1.19316122919075,0.133794346584411
"GASK1B",1.11475384103256,0.13390178689709
"WHAMMP2",1.57683872102227,0.134831279137956
"BTBD19",1.16077238520212,0.134848339702608
"TGFBI",0.920784890092574,0.135632861338982
"CC2D2A",1.17496894076029,0.135676140797863
"C5orf46",1.11821625051585,0.135747596537907
"GCNT3",1.07124677051458,0.136122820836164
"B4GALNT1",1.33817149953861,0.136164393501185
"CDH2",1.17167770519116,0.137197545604675
"PROX1",0.904672753463965,0.137202793769503
"TPTEP1",1.29145588078305,0.137873687331961
"AL391845.2",1.25603717479547,0.140462531632808
"MAGEL2",1.38430670730408,0.140535869403825
"FERMT2",1.11029191009457,0.142010864262717
"AL691447.2",1.44160408387304,0.142651457321486
"LSAMP",0.872204903100486,0.142725117818087
"GFI1",0.874734060300192,0.143188582012888
"DUBR",1.37848131813832,0.143210765981628
"ZDHHC15",1.4169062265066,0.143367144718506
"LINC01605",0.882733055246838,0.143941579754568
"SLAMF1",0.832663830398503,0.144209485529
"GFPT2",1.09829395985162,0.144390831554901
"TNN",1.38600002096926,0.145650983962493
"COL22A1",1.19403376267366,0.146059156933055
"GPRIN2",1.12181715910846,0.146460571174949
"LINC01811",0.831057914410567,0.146666998029758
"DDIT4L",1.14656466595677,0.147498607756715
"TRO",1.22255252868076,0.147715857272133
"GLI2",1.16764263642656,0.148239322903657
"AC093908.1",0.796993117629487,0.148803547990254
"CRISPLD1",1.14231678866721,0.148843327240791
"ASPN",1.07231392013899,0.148884152022908
"AKT3",1.13816269058698,0.149330074479521
"OSBPL6",1.26312010303755,0.149527322177412
"TENM3",1.14573883608778,0.149695228803152
"IGKV2D-24",0.920282536615957,0.150819456933093
"TRDC",1.10091032491038,0.152650523039309
"CXCL10",0.937813406897972,0.152866287973841
"PCDH7",1.12935633419467,0.153829646972865
"NUAK1",1.13774706089207,0.153862876368982
"MIR100HG",1.21683206033838,0.155708208822126
"TSHZ3",1.15393848135814,0.156113979046482
"SERPINE1",1.0764918208812,0.157017328125734
"FST",1.13038671032422,0.1581854727925
"ZNF667",1.46172402843337,0.158799305363501
"GLI3",1.14809045632218,0.15964963589232
"PRKD1",1.13835102148477,0.160787826804339
"R3HDML",0.910211644417742,0.160903514160675
"FAM126A",1.15133255582442,0.161196885535477
"WNT5A-AS1",0.88315007815723,0.162892189838784
"PHACTR3",1.12382351525192,0.163178684566936
"RILP",1.14457952805521,0.163951973024567
"C3orf80",1.13986385390542,0.16601545144154
"AC108134.3",0.912456748365874,0.166027279398601
"CARMN",1.10904186518754,0.166220954150262
"WHAMMP3",1.55632731213863,0.166503800639841
"CYP46A1",1.966970985286,0.166544986488883
"OMD",1.0994006034584,0.166706109743888
"SPRED3",1.22446849726271,0.166738753176904
"RBMS3",1.21126686169825,0.167198986268739
"INSYN2B",0.714563207361542,0.16765379367498
"EVA1A",0.918409207866532,0.167712470287763
"DNASE1L3",0.917709289435387,0.167803075430374
"NUDT11",1.18373594133915,0.168977565627731
"BEAN1",1.19853745849389,0.169595449422913
"TRBV20-1",0.904128314982946,0.170314477867494
"PABPC5",1.30307352208597,0.170948088116555
"ADAMTS4",1.10797595528386,0.171072737714597
"LGALS2",0.938172567179971,0.171860373534793
"PSMB8",0.874488901927244,0.17280338844663
"AMIGO2",1.10068113071837,0.174704811065156
"SMIM33",0.896723407224847,0.175019014773571
"JCAD",1.10046495215514,0.175876748588569
"COL4A2",1.11658185634447,0.176109119300263
"HDGFL3",1.11507821196817,0.176338473958359
"VSTM4",1.13914776190144,0.176423609381614
"AMOTL1",1.10370987886048,0.176762973648036
"AC080038.1",1.23091410743709,0.177087759730156
"LINC01807",1.14502976468675,0.177231260030653
"TMEM45A",1.1214489294736,0.178230893150205
"KRT23",0.957929143756109,0.178643873647317
"THSD7A",1.19662939891985,0.17922353628317
"RGS4",1.11792748715495,0.181441898496945
"ECHS1",1.19365952471331,0.184020920115295
"PYGO1",1.16674029182824,0.18496222245718
"COL7A1",0.916783575667975,0.185534982883169
"DCHS2",1.24665807599536,0.185857534868075
"LINC00892",1.34997566318286,0.186775402069831
"P4HA3",1.12726130226513,0.186989727568417
"SPP1",1.04655114761509,0.187525771377594
"AP001528.2",1.18732307923077,0.187684581378308
"BNIP3P11",1.1211296495969,0.18843450339147
"PNMA8A",1.14552917769022,0.189182624526558
"CACNB4",0.413175756635395,0.189350603020271
"COL12A1",0.926372323274028,0.19001213960876
"NALCN",1.39742987344173,0.19068086440475
"CSRNP3",1.25282298258607,0.190893192300168
"OR2I1P",0.933819328395283,0.192491583049575
"BDNF",1.37035359262812,0.195573689083753
"ACTA2-AS1",1.15235340898146,0.196673663221463
"PCYT1B",1.34616422847677,0.19729025108523
"TMSB15A",0.866375247785945,0.198940738426522
"IGKJ3",0.957287404495221,0.200130394120762
"HTRA3",1.08010970716359,0.200764039449187
"NDST3",0.578756069597812,0.201241196926072
"ALDH1L2",1.11443671416668,0.201353634229463
"MRPL41",1.11391519647444,0.202080156977044
"PCDHGA12",1.22746871107816,0.202277755260352
"C1QB",1.07779596610174,0.2025852882185
"MMP16",1.22261795428605,0.202610150904779
"DLX6",0.876176420871544,0.203290709171038
"OPCML",1.44954430200836,0.204261542446354
"VGLL3",1.11050763298439,0.204732727234064
"LINC00996",0.836853390329813,0.205109350483213
"SH3TC2",0.843024516997042,0.205297387783571
"BARX2",1.07785533426243,0.205399421313499
"PCP4",1.05191072806867,0.205886603637289
"AMN",1.08261419157552,0.207330373354107
"LBP",1.08722765156968,0.209131939761922
"TBX18",0.888093358190905,0.209699513375102
"IL18RAP",0.833541935239775,0.20990405817543
"C1QTNF3",1.12838437941871,0.214799168792919
"PEG3",1.33027783906895,0.215383482183053
"VANGL2",0.930734611055773,0.216189267532654
"FBLN2",1.0646074826299,0.217373633903718
"PCDH9",1.29783296571128,0.217387283102605
"DDR2",1.07923702751545,0.219506505286536
"TMEM47",1.08977797820869,0.21955447314508
"SEMA3D",1.14792304641574,0.219874195160775
"CD109",1.08206705109084,0.220216518905934
"AC099565.1",0.847222564481185,0.220776253860255
"GPX8",1.10237712956341,0.22101294023939
"LINC01614",1.07816710632164,0.221619806359048
"DUXAP10",1.24771003471372,0.22215066631526
"MEIS1",1.11496109302485,0.222353415177921
"COX5A",0.867790915912965,0.222570710342968
"TIGIT",0.873524332786642,0.225356708694957
"NHSL2",1.15678341760891,0.22554910248219
"CPA2",1.11960929243991,0.226255115808797
"MMP14",1.09891620190932,0.227099041276729
"FLG-AS1",1.58948143118732,0.229946451900322
"KCNK9",1.20137661378159,0.230312460335376
"APOLD1",0.929687770326949,0.231461008627086
"SERPIND1",0.918988298493684,0.231615986655626
"TIMP2",1.08507243253331,0.233603438904398
"CCN2",1.08604054604804,0.23570587922892
"CXCL9",0.947391908176494,0.23591433504037
"FN1",1.0546803111762,0.238320278095513
"ITGBL1",1.08996498761592,0.240767426208655
"GBP3",0.928800441385416,0.240942976000018
"IRF8",0.905810772530397,0.241946455381454
"IFI35",1.13384765321484,0.242198786086792
"DCSTAMP",0.836682112311882,0.244197707935009
"AC055717.2",0.932170857191657,0.244865148118538
"IGHV4-39",0.965627671513476,0.245384289292142
"STK31",1.11488097923264,0.24559273617673
"CCDC68",0.911816208314209,0.246074257240741
"IGKV6-21",0.952183357093381,0.247019695735065
"PCDHB10",1.14396945493411,0.24778089562274
"LILRB5",1.11614125232994,0.248156628349056
"F7",1.08497879028545,0.248489395828713
"PADI1",1.1072413491134,0.249205889640297
"KLHDC7B",1.15888053550489,0.251961354242855
"AC007099.1",0.912064545330964,0.252716858641772
"MT1H",1.04975506321167,0.252735441124444
"CHSY3",1.14014668092797,0.254931526946054
"ECM2",1.09577373757161,0.25635000875122
"AASS",1.1201323779744,0.256610893305758
"DACT1",1.09116020302258,0.260120747332284
"FRMD6",1.09406719472296,0.260223437297328
"ABCD2",1.28747490924773,0.260473970995728
"WWC2",1.11160600952084,0.26092556735425
"BX571818.1",1.20255720987869,0.261527579366029
"AC010184.1",0.695656632821147,0.26210245894689
"PI3",0.960737432473812,0.262293895181522
"AC096751.2",0.869526147100944,0.26398009748649
"NNMT",1.07301315623405,0.266313396049265
"ZNF683",1.09528957034126,0.267480896470444
"NOX4",1.1129350252472,0.26762223271615
"GPR161",1.12295603584627,0.268352682295758
"AFAP1L1",1.13785820187582,0.268996432950908
"ZNF135",1.22362996848488,0.270128002894989
"COL16A1",1.08864095070993,0.270366888330109
"Y_RNA",0.999307179645183,0.271299628671303
"MICU3",1.1783150241786,0.272556806293463
"FNDC4",1.10913106747582,0.272723648934618
"NTM",1.08041982763923,0.273004392649458
"MACC1",0.922543851734596,0.273641526701484
"AC026368.1",0.896202608192861,0.274419224581332
"IGHV1-69",0.961366478232813,0.274960109987119
"EFNB3",1.14991199165491,0.275374772175026
"GPT",1.0636324026406,0.277459802730448
"HLA-B",0.91446314201913,0.278151582983797
"LINC01579",1.34675845691939,0.278499781679124
"ANGPTL2",1.07304216404979,0.280816819020742
"MME",0.938529617623738,0.280896211636129
"IGLV3-19",0.968286822126912,0.28212202489587
"LINC00562",0.788227978979638,0.282208555717364
"IGKV2D-40",1.04749573787387,0.282707497768302
"AVPR1A",1.12192154161317,0.282959602984509
"MRC2",1.07741317858889,0.285641685775068
"AC092376.2",1.30901970400329,0.286290318143293
"UCN3",0.930386659830663,0.2891039042227
"SLC25A48",0.794569916397168,0.290131035023246
"OLFML2B",1.0720064970755,0.290443203005436
"MMP25",0.882167897708208,0.290994185554627
"SLC44A4",0.931863743137914,0.29147042006788
"TECTA",1.68788778387227,0.291491872719179
"CCL28",0.941118249103934,0.291716374341521
"MANEA-DT",0.806019128699924,0.292077159431512
"LDHD",1.06171771374124,0.292754822191754
"IBSP",1.07245055392672,0.293063012292041
"CD2",0.93023397906913,0.293628211419676
"KLHL4",1.25673215293321,0.293912157408138
"HLA-DRA",0.942601357653603,0.293924443871884
"FLRT2",1.17828179849906,0.294812812836273
"IGKV2-24",0.964108618448688,0.294866200763182
"FBXL15",1.10565823506905,0.29598304996903
"PPP1R3C",1.07842750781926,0.296047315997852
"CLEC5A",0.914482374398266,0.296229353592201
"CYP27C1",1.26145915521503,0.296319579736231
"STARD4-AS1",0.823232210353394,0.296339122656783
"PAH",0.918787581395104,0.296606832280801
"PDGFRB",1.07917574782997,0.297178025378574
"GJC1",1.1087511406865,0.299567804158346
"TAFA5",1.09281454058146,0.300211408329492
"CLECL1",0.82185363551948,0.300258334285887
"ENOX1",1.12967585529982,0.301550190199169
"COMTD1",1.08449078471994,0.303567982089491
"DGKI",1.22122209834681,0.304123488019212
"RP1",0.733101115499685,0.304213237650252
"SPOCK2",1.08865795639668,0.305728995215411
"ZDHHC12",1.11399779945821,0.305932015825299
"GBP1P1",1.1023723337903,0.307412091264452
"TRBV7-9",0.918975860133564,0.308705548681209
"CD3D",0.933697093437791,0.308894216848071
"SFRP4",1.04128335187993,0.309093089735928
"TRBV7-2",0.917390986486848,0.31019925774068
"AC037198.1",0.920853668924796,0.310742392584627
"CLSTN2",1.10143907663819,0.311458852714296
"MMP9",0.951325888168515,0.311958393550388
"CDK14",1.08942777689498,0.313694431068617
"PDPN",0.935326706996896,0.315241922479745
"MEDAG",1.0674787859333,0.315997585686441
"FRMD3",1.08290334119628,0.316430773270191
"NCF1C",1.08966776640557,0.316873791540263
"FAM110B",1.13003738787451,0.317152536413182
"KCND2",1.18556457159044,0.319291782644243
"MIR4280HG",0.733062232743194,0.323520776073549
"ARSI",1.09132766064717,0.324989193940301
"APOBEC3G",1.09635778505899,0.325121363781609
"SLC24A2",1.32048015552454,0.325141624701146
"NCF1",1.10556579082092,0.325953039267857
"IGHV3-74",0.968584793239993,0.327057394247592
"PRTG",1.28209643040763,0.327086425093722
"CR2",1.05975857452678,0.328035425347353
"SHISA2",0.926078087381278,0.328150094148236
"DLX6-AS1",0.823607266677275,0.328511842606667
"COL8A2",1.07082248948609,0.329233827924768
"CD3G",0.901881263806119,0.329977782249493
"LGR5",0.955112265940403,0.331238861986927
"ROBO2",0.883595954500407,0.331355108958745
"KLF7",0.916278448794531,0.331594671804092
"BNC2",1.10042352860792,0.331665675476533
"TIFAB",0.781016486541445,0.332602359799509
"AP001189.1",1.15325088769251,0.334544900678017
"AC006262.1",1.27530265847338,0.335166914827398
"MUC1",1.04979905692072,0.335797919671158
"CALHM5",1.1160355813345,0.336976663994335
"CCR5",0.9216356485623,0.337720846148688
"DSG1",0.729612499417728,0.337969642139197
"AC016582.3",0.783402217112261,0.338530038127407
"SDC2",1.07415379302694,0.340050946745754
"GBP1",0.932157160404469,0.340595852388579
"SMPDL3A",0.927347979643689,0.341508520016047
"CASC15",0.822498877840438,0.342194467850943
"ST3GAL6-AS1",1.61027502738018,0.343015666774474
"MITF",1.08622103515928,0.34412402353575
"CHI3L1",0.954960443726826,0.344205205276812
"DNAH14",0.877788798783736,0.344372880535217
"PIEZO2",1.15341268675243,0.344976561633823
"COL5A3",1.07523699371355,0.346632089942971
"TRGC1",0.811515247799462,0.34723581308708
"DOK5",1.11076674485482,0.348775681242925
"AC007493.1",0.940802916234456,0.349142871091416
"RPSAP52",1.17669815151366,0.349315216071688
"AL929091.1",0.902254810195495,0.349564022187572
"FBXL2",1.12174991103947,0.349682511477963
"IGHV3-73",0.968292007607727,0.351459690030284
"CCR7",0.925912512697721,0.351478223838103
"LINC00622",1.12286366352683,0.351820108953564
"FGF14",1.33191862061334,0.353974886266174
"ACADS",1.076796074261,0.354172965473943
"CENPM",0.92612883156221,0.354182379596941
"STRA6",1.0558459775391,0.35425299500613
"TRPS1",1.0901308283919,0.354590203517522
"ST8SIA2",1.31794531885758,0.355298089638383
"SPIB",1.0540720274069,0.355583967987921
"CD19",1.08968000166565,0.356970852368801
"THY1",1.06989751372902,0.357047590983255
"IGLV7-46",0.970295766150258,0.358264164334996
"SPOCD1",1.11746087942166,0.358486978431328
"NPFFR1",0.89972420704121,0.35880001681476
"ZNF365",1.21706074098592,0.359492038120598
"AL121832.1",0.927773541183928,0.35959883768896
"RIPPLY3",0.929183955677106,0.360831469336047
"IGHV6-1",0.968373547493598,0.360835553967018
"KLF12",1.08384218576718,0.361209191662341
"RUNX1T1",1.12187970616413,0.361476958494094
"EBI3",1.08554241287826,0.363037899697969
"ZNF610",1.11584973524172,0.363753460938532
"CCR9",1.25471817400336,0.364737089459466
"ZNF853",1.07018109268322,0.36475469347078
"AP001528.1",1.12824949378112,0.365814094664581
"CD69",0.931512380225714,0.367355130029785
"MATN3",1.06835190694658,0.368672619973816
"AL133482.1",1.226803440499,0.369234537289669
"PDZK1IP1",0.94868900827264,0.369554832109797
"P2RY10",0.912708875077251,0.370158227255531
"SRPX2",0.950795920012437,0.370637967723782
"RNASEH2B-AS1",0.77061615487939,0.370971288792189
"FGF7",1.06656955025237,0.37156835687065
"GZMM",1.0746978322156,0.372629194340239
"MT1E",1.03795566115367,0.372971113376252
"MLC1",0.798945440928989,0.374366009345149
"FFAR4",0.95502247653412,0.37538911032561
"IGHV3-64",0.959373041915405,0.375833449505485
"APOBEC3H",1.12498410966144,0.376061315140423
"FOXA1",1.05390683751972,0.376254313142976
"FGF1",1.11991048563533,0.376829118769791
"CDH13",0.89623778872159,0.376966729962557
"AL590004.3",1.16404127769056,0.377022073066179
"SGCD",1.07990844771601,0.377159933318172
"AP000695.1",1.11996926806376,0.377760948065393
"SLC11A1",1.06765754215448,0.378677307524546
"LINC01197",1.46295610753897,0.378767123817868
"MAGI2",1.26247466872377,0.380548745007089
"LTBP2",1.06473010908941,0.380703035553341
"GBP5",0.93854213058071,0.381035904166913
"CYP19A1",1.18123663844375,0.382118647099105
"NEURL3",0.91567696474548,0.38286674483627
"ADGRL2",1.10587054700143,0.383247342760234
"AC011346.1",0.637081898821672,0.386292507671282
"IGHV3-7",0.972715754671745,0.386794196421866
"KIR2DL4",0.892989525411475,0.387283562703823
"ZNF208",1.35324652388352,0.387874756582078
"TRBV3-1",0.905934909650441,0.388370941655689
"MYH10",1.06871196981492,0.388529126635633
"TRBC2",0.945336708058468,0.389025494957366
"UBE2L6",0.934027923863774,0.389085651837964
"GZMB",0.956409286277299,0.389223939641024
"SLC22A3",0.940729533724484,0.391955689823805
"CRTAM",0.879504984454759,0.392544181501266
"JHY",1.12964217760437,0.3927046663749
"SCARA5",1.04361616268178,0.393604134475473
"PPEF1",1.18813290331989,0.39429866007843
"KCNH8",0.924978767401893,0.394860679819154
"TENT5C",0.942909065697628,0.396536463691452
"SEMA3A",1.06530207182731,0.396597914733554
"ERMN",1.12689271229993,0.396757428818039
"LINC01977",1.12270420918479,0.397499320483879
"PDCD1",1.08384095222376,0.398443750677866
"NKPD1",1.15163551534819,0.39852934689488
"PCOLCE",1.06418116245759,0.399089366679993
"HLA-DOB",1.10121955081308,0.399423881025184
"KLRC1",0.839335440167078,0.400114734041685
"PACRG",0.848115091868559,0.400263189856014
"ITGB8",0.926620258299049,0.400997161161459
"APLF",0.898062262219877,0.401653171847393
"GREM1",1.0435386894806,0.401668501699896
"RGL4",0.796632046962488,0.401878671946205
"CAVIN4",1.2583089379011,0.402134587953759
"GALNT13",1.13333932700258,0.402566298003898
"IGKV1-17",0.972180584182059,0.402783852541403
"TRGC2",0.925619797048248,0.402984756059935
"IGLV3-16",0.952828455518243,0.403153754813689
"FGF19",1.03974237611636,0.40408394194173
"CTSK",0.942480254297406,0.404462925914015
"PCDHB18P",1.19300887243844,0.404784424218708
"CIITA",0.928920385630357,0.40533261964788
"COL8A1",1.04717012182354,0.408257559920351
"TBX15",1.10945629695368,0.408617593166647
"TIMP3",1.0539034640783,0.409118307346025
"VDAC2P5",0.918285233235054,0.40943234529976
"MIXL1",1.16201598339753,0.415497475016474
"IGLV1-41",1.03763447056333,0.416740039095352
"CHST5",0.945396606903616,0.416843176295472
"MYEF2",1.07476777684177,0.419229562021817
"SLAMF7",0.95248987043657,0.421859761365415
"SP140",1.09007347353424,0.422015773305062
"PDGFRL",1.06163775332989,0.424185153469026
"MXRA5",0.95355518840981,0.425023876951476
"IGHV2-26",0.97132103727159,0.425188093954916
"CYP2T3P",1.09019045503107,0.425406345888029
"KLRB1",0.93586543166132,0.425445620860837
"PCDH19",1.06803164611791,0.425446831158523
"FILIP1L",1.06468498527138,0.425627939724132
"IGKV4-1",0.976551746626653,0.427499118200873
"THEMIS",0.89613795747849,0.427941138570979
"IGLV3-1",0.976366640520212,0.428716978044723
"MAGI2-AS3",1.10175765648826,0.42957531432389
"ALKBH7",1.07215406430221,0.429632885982876
"ATP5MC1",0.92288265860906,0.43170371696677
"IGHV3-21",0.975852712659155,0.432924390035536
"CD79B",1.07048057448048,0.433041302220223
"IGHV1-45",0.951973082654117,0.433822813025301
"LINC00578",1.09125645539459,0.43639875842617
"CDKN1A",1.06940498356426,0.437342481772582
"LCK",1.05442112256729,0.437769681336716
"PXDNL",1.29772186704975,0.438061157634086
"TRAV12-2",0.920817181321085,0.4383067986244
"PTPRH",1.06168680167764,0.44018164038266
"SMARCA1",1.05687221271449,0.441421259616796
"LINC02345",0.881463735907597,0.441538773914227
"IRF1",0.925354105573736,0.441592978276921
"IGHV1-46",0.974016928852599,0.443570170769105
"UBASH3A",0.888213471354137,0.443791876522985
"AL021392.1",1.19683347652495,0.444063101328096
"PKP1",0.954288910672864,0.445860734183363
"SRSF12",1.1484939047406,0.446059530586605
"IFI27",0.949225544946346,0.446148138428151
"FIBIN",1.05204233269125,0.446680973242383
"LINC01615",0.874769309118545,0.447364329036405
"PODNL1",1.0640139608896,0.448342125938946
"SLC22A18AS",1.06884957959042,0.44846714375857
"AKNAD1",0.808187668804381,0.44854586901583
"ZEB1",1.05833018115031,0.45099408338147
"TSHZ2",1.07101832891686,0.453595953600351
"MAP3K4-AS1",1.08060582781014,0.455117361094005
"MAP9",1.08062573748679,0.455720699971047
"HLA-DRB5",0.964695452853419,0.459353186337393
"ALPI",1.04244611086808,0.459628207744454
"TBX21",1.11290268479722,0.459654441353006
"GAS2",1.07644528927562,0.461960881204934
"STC2",1.04101160212089,0.462055031328856
"IGLV2-8",0.976455019914515,0.46453402619572
"TMEM61",0.935599733611672,0.465478387149808
"AC069222.1",1.15724926228374,0.465546121396498
"SLC24A3",1.05771164942229,0.466158066098125
"SCN2A",1.22529514289278,0.466334759627602
"SOCS1",0.947929376913116,0.466422327212899
"IGHV3-13",0.971740662328674,0.469714900602483
"TNFRSF17",0.960302008401886,0.470783473521492
"MPIG6B",0.905859338756606,0.471441750489531
"IQCA1",1.17985442317364,0.472803939232889
"PXDN",1.05559541612757,0.473728413676358
"DEGS2",1.05088820796962,0.474995696621013
"MS4A1",0.94688768720574,0.475688060752007
"IGKV1-16",0.976190467414333,0.476781867681024
"LINC01235",1.07082383595106,0.47756163573979
"LINC01871",0.95449598042465,0.478126154671939
"HPGD",1.04017166775944,0.479601307997755
"DZIP1",1.08697747172542,0.48008120261173
"GZMH",1.04907564295189,0.481826323607504
"CEACAM7",0.979477993634876,0.482345449804575
"LEF1",1.05669948363776,0.482386083004783
"GBP4",0.956938689521665,0.483039352795491
"MEX3A",0.951174810474362,0.484119042090015
"CXCR2P1",0.924795062633644,0.484711265556519
"AC116351.1",0.885149657719255,0.485838927951161
"ACAN",0.936679501089647,0.486164437001899
"LRRC36",0.941423095841603,0.487726445787583
"RASAL3",1.07130095694013,0.487911760695763
"JCHAIN",0.980520968740778,0.488138977849061
"HES5",1.0809322000405,0.489313169135848
"IGKV3D-20",0.974392725519758,0.489519694455571
"SOWAHD",1.0769711334482,0.490647881854333
"AK5",1.13890924287051,0.490707209695493
"IGHJ3P",0.974607331225731,0.490872087323713
"AC097634.1",0.865213773701826,0.490887558023728
"CD209",1.0569838555385,0.493819744479028
"IGHM",0.978272465031661,0.494618279005582
"COX8A",0.934418551868902,0.494723374338663
"IGHV3-66",0.971768036002607,0.496665797500456
"AKR1B10",0.973539080303956,0.497632429976897
"VPREB3",1.04491604250825,0.499729424597956
"TMEM150C",1.04690106157546,0.500002277681148
"GPR15",0.959137154246529,0.500733800197251
"SLC35D3",0.968033967359457,0.500984738540787
"STC1",1.04711277735597,0.501755254757748
"HCST",1.05184735025074,0.501961264514616
"BLK",1.09033672716773,0.502957372121298
"EOMES",1.09025985524773,0.503987335328847
"MAP4K1",1.07022344855989,0.505367963328896
"PROX1-AS1",1.13670056621265,0.506306133716717
"IGKV5-2",1.03210555297955,0.507703623677186
"FER1L4",1.04228159924408,0.50783516667736
"IL2RB",0.950780970976829,0.507959054170356
"AC226118.1",1.10677071177326,0.509241657837679
"EVC",1.05644849634428,0.509421996718846
"LAMA4",1.05949290162388,0.510232148722769
"KIF26B",1.05033546101868,0.510310628714712
"IGHV1-67",1.03760155896459,0.511214882010239
"TRAC",0.955848902371884,0.511917925304278
"MCC",1.07462081279333,0.512827474531215
"IGLV2-14",0.980297064801393,0.51310315412579
"UQCRC1",0.938633443885254,0.513667260511338
"IGLV3-27",0.974647232961866,0.515050869249615
"OR51E1",1.05493086053743,0.515217503201177
"IGHV4-34",0.977988958717628,0.516828279737138
"TSPO",1.06340147781994,0.517095371408948
"CD247",0.934679666919052,0.517317357658781
"RHOF",1.08004837223291,0.519952877023317
"PLA2G2D",1.04525322429156,0.520342266659558
"KIRREL1",1.05597881168228,0.523569609296372
"MIR99AHG",1.20321800816976,0.524221957467149
"TYMSOS",0.912205197468785,0.525466621369889
"HLA-DMA",1.04784849955501,0.525517997906597
"ELOVL2",1.09953638665083,0.526176902526927
"ADCY1",0.904999101541674,0.526950636966254
"AL354993.1",0.891869903421201,0.52744822175729
"CD8B",0.929201545352628,0.527645430512768
"SECTM1",1.03341572664012,0.527654586231766
"HLA-C",0.945825081490218,0.527796525403085
"TENM4",1.08288717310032,0.528630608669075
"RHOH",0.935193255680042,0.529070245062652
"XDH",0.962433815087206,0.529313375731577
"AQP9",0.964742003771433,0.529395021621516
"IGHV3-53",0.975581853191201,0.530188971749777
"B3GNT7",0.975510803832039,0.530192459826228
"SOX11",1.12792197261239,0.531261943091213
"CST7",1.04130081825732,0.532190542047568
"EDAR",1.03109509531652,0.532224457112993
"IGHV3-48",0.980097004968338,0.532497645754377
"FGF18",1.05787558432151,0.532704713163696
"ICAM3",0.926903924984459,0.533395432574399
"TMEM231P1",0.95199602617528,0.533902869680463
"IL32",0.94854718396392,0.535765621859598
"TPMTP1",0.910642757546341,0.536038014767364
"AC073840.1",1.15031225210313,0.536477151264249
"LINC00942",0.9124780968141,0.53744560846088
"DSE",1.06842503700666,0.538239966182631
"SDCBP2",1.03936272842873,0.538526262796839
"HMCN1",1.06360837154363,0.53895027869801
"MIR503HG",1.05598104159017,0.539984348722218
"LRRC15",0.96225898960972,0.540274585609469
"TMEM52B",1.14048541814799,0.541619201003313
"AP005230.1",1.20386814576807,0.541673887200373
"DCLK3",0.84613238132087,0.54389836181822
"NR3C2",0.958891927046019,0.544057153443104
"GSDMB",1.05406881928896,0.546069652061313
"TRAM1L1",1.0825893822825,0.54632719968657
"JAKMIP2",1.18194074716514,0.547971225559304
"SLCO4A1-AS1",1.03149202684141,0.550266632764588
"ADAMTS12",0.961325227832151,0.550477374892038
"ALPK2",0.894649916667371,0.553674464050796
"IGFBP5",1.03394638391969,0.555833026252596
"SIGLEC8",1.07906399515595,0.556514772495621
"SASH3",0.957791034082267,0.556586442225244
"ACAP1",1.06528041904301,0.557787338767438
"LINC01558",0.955315211881611,0.559207796690762
"CRNDE",0.942604733742889,0.56007779855609
"SNAI2",0.948942714098557,0.560204994594316
"TRBV5-1",0.938806398605042,0.560682857690938
"IRF4",0.955269355841326,0.561560966268404
"IL9R",0.841956100736835,0.561814335449897
"GPA33",0.965399291322348,0.562218931889491
"C1QTNF12",1.04158055154355,0.562452782947722
"ADAMDEC1",0.973986949360825,0.562765513375609
"PDXP",1.0554136780298,0.564292725835896
"OXTR",1.06805385776612,0.566103380926126
"ETHE1",0.950588608912511,0.566767629209666
"ADTRP",1.02769800843553,0.567209292072173
"TREM1",0.959233302655269,0.567562195407178
"PMEPA1",1.03625485019522,0.569086993736678
"SLCO2A1",1.04175953065123,0.569483386327629
"IGHV1-18",0.982585766270294,0.569588314240793
"KCNJ15",0.923945983607317,0.571215724332471
"GPR1",1.09195176284798,0.571579923337134
"FREM2",0.94637429136752,0.572031427224015
"LY9",1.10056752630167,0.573283793491986
"CHROMR",1.0762423062867,0.573762568836802
"CCN4",0.962027013569009,0.574689205242248
"CES3",1.03161789704167,0.576067447529931
"FSTL1",1.04281993156855,0.576685467051623
"AC009093.2",1.11879009180601,0.57684567330817
"PTCHD4",1.07521683630169,0.577880217082229
"CD8A",0.962612278044063,0.580147180318439
"NBEAP2",0.935659208724225,0.580700944575751
"IGKV1-9",0.982764319783967,0.5808341693632
"SIRPG",0.946035005185836,0.581028786332572
"HAS2-AS1",0.935429201079437,0.582067997829373
"PLCB1",1.05268253300439,0.583705588584807
"CCL19",1.02505228290219,0.583777388300409
"FCRL3",1.08356578781905,0.584655215371821
"IGFL4",1.04275119482702,0.586144511456392
"HLA-F",0.962550035552361,0.586156086702004
"IGHV3-64D",0.981340157074579,0.586886845508206
"GPR171",0.945878151140107,0.586977047910929
"CYBA",1.04208143760259,0.587291113551338
"THBS2",1.02427846855994,0.587845223996857
"LTA",0.923814817376281,0.588169290642219
"CKB",1.02244009598274,0.589463792070771
"NID2",0.955717980137936,0.590228181699299
"SLC13A3",1.02912668184056,0.591396916259394
"CNIH3",1.07612008706637,0.593093616923003
"PLAAT4",1.02991020632012,0.59366374831838
"ASS1",1.04123039498162,0.594550815216832
"TRAT1",1.07466203534973,0.596380989865127
"TST",1.04742133885494,0.597227577828943
"CPNE5",1.05461812706625,0.597501579295353
"PCDH17",0.944431423920703,0.597835666232726
"IGHV3-41",0.962205678637714,0.598005740773682
"EPHA10",0.947304115256489,0.598322738611859
"C2orf27A",0.929919999607693,0.59841256742178
"LINC01561",1.10392008922702,0.598816660339769
"PPFIA2",1.14771728757287,0.599457467514798
"PLPP4",1.0402814575082,0.600105834038438
"KIAA2012",0.822793886622054,0.601413024809743
"HCG11",1.04488365074052,0.602225494942244
"GJA1",1.04206077727221,0.603852171118152
"GUCY1A1",1.03738931872305,0.60427754891582
"FCER2",1.0516466662427,0.604689674347719
"AC107021.2",1.06915585523378,0.605638584455964
"GREB1",1.12558574183252,0.605925035839853
"PPP1R16B",0.955469363392349,0.606355601757425
"DSEL",1.09099669607845,0.60665383874279
"OSMR",1.04094041586425,0.608253926589194
"IGHV3-11",0.983597421231994,0.608825461943072
"SGIP1",0.927452850757738,0.610518118575687
"FAT4",0.945835572777958,0.61517161223509
"LY6G6F",0.943507578426087,0.616046106164695
"LPL",0.969822599378631,0.616308247704063
"AC112694.2",0.936097083788295,0.617135658680146
"NR2F1-AS1",1.11428427196956,0.618481996530318
"HS3ST3A1",0.938744283946846,0.619261836785168
"PIGR",0.988111432560352,0.619376662019643
"LINC00460",0.960026685037893,0.619703648526375
"TRBC1",0.967840919238734,0.621461579207744
"CD6",1.05501302816001,0.621953908462167
"USP30-AS1",0.953442298195176,0.623175640680388
"COL4A1",1.03748857072206,0.623279479406889
"CYP2C18",1.037726867795,0.623445411241353
"DYNC2H1",1.06941284215673,0.623519143107112
"IGLV10-54",0.983085608397327,0.625370262184139
"IGKV1D-16",0.979266388759851,0.625413884798035
"IL6R",1.03883865536935,0.626500329481776
"CALHM6",0.966525144973334,0.626726702308776
"ITK",0.93776650791949,0.626968110225833
"ITPKA",1.03298104959947,0.627227110204204
"ZNF521",1.04976938778841,0.627525454614751
"SLAMF9",0.955601505059279,0.630342705815786
"IGLV2-34",0.970161260633675,0.631030865512989
"CD38",0.958786921016497,0.631661151005413
"AC099066.2",0.865824336858,0.631818195771615
"IGLC7",1.01803679860799,0.631881991287255
"HLA-DQB1",1.02689426838988,0.632039089360359
"ZAP70",1.04918283915615,0.632734287411633
"CD48",0.962647299339519,0.634532236526312
"IGHV3-20",1.01927140254409,0.634717138757393
"ENHO",1.05081522338407,0.635372294613927
"IGHV3-33",0.984166690954042,0.635568791496569
"ADAMTS5",1.05261427689097,0.635811501436429
"ACSS3",0.926471725280555,0.637712300975275
"AC007240.3",1.06049068147452,0.638720630543516
"LCN2",0.982042248903473,0.638781688222482
"CA2",0.982923967803573,0.639380852795272
"FCMR",1.04127127243755,0.640621162911434
"IGKV1D-13",0.979814390066933,0.641449837885239
"NREP",0.91175682344341,0.642429916575209
"MMP13",0.967807218376353,0.643927419212894
"C6orf15",1.0192118482034,0.64456180085647
"IGKV1-5",0.985649860300289,0.645078938144239
"BTLA",0.920371733194763,0.645285078565834
"LRRN1",1.04280224705167,0.645743713127988
"ANKFN1",0.878519083037839,0.645782550424003
"NCR1",0.885330844153178,0.64810814183077
"SERPINA10",1.03492997803115,0.648145014933825
"CPNE6",1.0715400393372,0.651101349975188
"DUXAP8",1.05412009488333,0.651326942554586
"ZNF660",0.920241572118963,0.651330110608687
"TRG-AS1",0.903226116339523,0.652420109808092
"FNDC1",1.02290659272697,0.653748986301088
"IGLV3-25",0.98653266147239,0.658724053276417
"MEG3",1.04744608925482,0.659361472731706
"EPHA3",1.04275067082648,0.659599973851752
"LINC00954",1.06146053180071,0.659639841032207
"IGLL5",1.03118990416416,0.660791323954036
"NCAM2",1.07128522077815,0.662290894690805
"CHCHD10",1.03573425420623,0.662637956960488
"NPTX2",0.982712166134519,0.664460548384817
"RNF186",1.02426324951669,0.665657843512735
"TNFRSF18",1.03640973217582,0.665867093800273
"CD244",0.947011393323659,0.666050984017669
"C11orf86",0.981126371987118,0.66614344536179
"RASSF8",1.0367101816483,0.666816858523947
"TCL1A",1.03618853991384,0.669780372184492
"POT1-AS1",1.20700631135268,0.670660395361671
"EDNRA",0.970076293984068,0.67226655423158
"AC005062.1",0.928782325718571,0.672381928822585
"CLEC10A",0.971401142487782,0.672789807331894
"AC116345.1",1.03513380683286,0.673094508576084
"ADAMTS6",1.05540767265055,0.673552737235785
"PRKCB",1.04019755593899,0.673875186046561
"AC010834.3",0.960217066837834,0.674676010796004
"TUBAL3",0.976219888173805,0.674825573780987
"IGLV1-47",0.986588961355566,0.676082349576716
"IGHV3-15",0.986979881984337,0.676398067779056
"RASSF9",0.954338796560273,0.676809090046061
"SCO2",1.03603480256253,0.676831617658759
"MADCAM1",1.03918744085421,0.678989101595169
"OLR1",1.02362213048844,0.681141627755627
"GPR25",0.951616492542754,0.681344398695528
"LINC01876",0.960801294173439,0.681375400576551
"C15orf48",1.0227155027374,0.681816091089496
"SELENBP1",0.97844826734606,0.681820165839268
"PRRX1",1.02568274896774,0.681878475140406
"COL1A1",1.02043997307877,0.683082450525987
"IGKV1OR2-6",0.977920083313658,0.683557966828492
"FAT3",0.830398053153449,0.683750545341228
"INHBA",0.978715587306052,0.683785300696025
"IGHV3-6",0.973615922205839,0.6850947404183
"ST6GALNAC5",1.03852640496914,0.685399205125556
"IGKV1-8",1.01819110790087,0.685464849998735
"TNFRSF13B",1.05641860786901,0.685567061199944
"IGLV2-18",0.986199440484322,0.687423185483921
"AC026369.2",0.938002144967665,0.688554911377874
"LINC01133",1.03225832387641,0.69050355752538
"PDGFC",0.967860768332669,0.690585406251508
"COL5A1",1.02517562873868,0.691741485172597
"FTH1",0.979318664041661,0.693568767890372
"LINC02446",1.0393081095974,0.695270750476205
"AC004540.1",1.09403288524511,0.696001028257788
"OASL",1.02918950546729,0.69650273645098
"TRIM40",0.970474048767654,0.696652354631683
"NEB",1.06537330307306,0.696939372513411
"AC100821.1",0.935296435963074,0.699262567013376
"LAX1",0.962203715840192,0.700410328318894
"LINC01752",0.968739030911643,0.700930059649197
"PRKG1",1.04316598507315,0.701300260316885
"IGHV3-23",0.988130118031299,0.702060636709335
"CARD16",0.961037879352017,0.702616775958725
"CTHRC1",1.01867098897057,0.703828198687655
"LINC01705",0.965328532031431,0.703834840051456
"DHRS9",1.01632245199481,0.70385682584053
"AC091182.2",0.966505183887319,0.706019286965305
"BICC1",1.03188855183347,0.707029120021479
"CLDN1",0.981464816502056,0.708813426988795
"CHN2-AS1",0.971076135010863,0.709217838329748
"IGLV1-40",0.988568983208434,0.709818525986438
"SLA2",0.95819459784773,0.710034490759504
"NKG7",1.02282967619556,0.7102978669156
"ROBO1",0.972420359144181,0.710847059330349
"SLC9A3R1",0.964036211717775,0.711238339499168
"IGHV1-2",1.01136494078378,0.712368777520598
"MIR4435-2HG",0.939367412645866,0.712728452149124
"PHLDA1",0.975698048224112,0.714553301001945
"HECW2",0.943948353672242,0.715041465237421
"HMGA2-AS1",0.950540058485847,0.716669875209288
"AL049844.2",0.961830465816373,0.718881217128288
"THBS1",1.02575874096439,0.718905814553931
"TMEM82",1.0217567588973,0.719996814203158
"LEF1-AS1",1.1677569757167,0.723492858050221
"ZFP92",1.05888219545184,0.723916787019087
"ID1",1.01890362635304,0.725123997338538
"RASSF8-AS1",1.08945728334384,0.726038369203755
"SPARC",1.02342054499303,0.727163000535013
"TNFSF13",1.03295946905264,0.727310954062887
"HTR2A",1.07176917686114,0.727631336026887
"NKD1",0.984141593883273,0.727903406077157
"TMEM54",1.0288199673963,0.728268218404051
"TK1",0.970966476309561,0.728357680378189
"WFDC3",0.971006900233261,0.728635363782904
"ALKAL1",1.02209840655531,0.729042274372061
"IFNG",0.960256467791234,0.729672583455154
"EPYC",0.978743549251316,0.729961432230419
"POSTN",1.01600759009981,0.730757809264376
"VASH2",0.94890328661262,0.730842258880093
"Z97989.1",1.0652135536575,0.733635888440245
"AHCYL2",0.977147948340323,0.734164501272844
"BX322234.1",0.947980606286764,0.735248842041008
"IGHV2-5",0.989698315054754,0.735699469806829
"CDH6",0.94904094687102,0.73579031107564
"SOX5",1.07333008871522,0.73581166534111
"HECW1",0.914943980880753,0.735856209220767
"FCRL6",1.0543095581286,0.737301947133999
"PCDHGA10",0.975372044151993,0.737386036294729
"ENDOG",0.979901309322397,0.737901689440249
"PWWP3B",1.05618773345277,0.73991915353202
"BTNL8",0.983076555954342,0.740262963839208
"SEPTIN1",1.04292668649786,0.740593868031913
"SH2D1A",0.962035972045531,0.740714162380208
"NLRC3",0.954249312615985,0.74174498048212
"COL15A1",1.02196035979751,0.744930671358835
"MMP11",1.01476060287811,0.744946200297868
"CALCA",0.97714635469171,0.745038040442564
"NINL",0.976920738711557,0.746762799489511
"IGHV4-31",1.01122517971907,0.746943467443139
"IGLV5-45",0.98852946057431,0.746956024567822
"TNC",1.0161985874132,0.750804855221928
"IGHV2-70",0.987909290807166,0.750928883556703
"H2BC18",1.02574382463955,0.751384533786067
"NAPSB",1.02511859112887,0.751939323096102
"PLXDC2",1.0218485824036,0.752721902981458
"AC245100.4",0.959089242716473,0.753187050539246
"PLAAT2",1.01855567653999,0.755354727619351
"CD40LG",1.03822833134409,0.758263993162629
"SLC9A3",0.985064547113642,0.7596218874341
"COL11A1",0.9857582416367,0.759824681527966
"S1PR4",0.974606609236223,0.760294510705
"SLC1A3",1.02444062418464,0.760893768408126
"AC004687.1",1.02807347637801,0.761608670809721
"PCDHGA11",0.945146219786188,0.762659490469157
"MGAT2",1.03450250591044,0.763806030911102
"IHO1",0.914230702916522,0.764133292931879
"IGHV1-24",1.01030832072804,0.765723764189182
"PABPC4L",1.07076641511651,0.766354707940559
"GZMA",0.982722934298402,0.769237744138513
"ESM1",0.979598660582642,0.770530865367531
"AC009975.1",0.970250171570397,0.770739267604235
"FRG1DP",1.03251939808481,0.771469067075921
"TSPAN1",1.01734635324716,0.772001633543058
"GNG5",0.979686430356613,0.772626583357806
"ADAMTS2",0.983089588459072,0.774989794629514
"KLHL31",1.04426080969182,0.775442693319953
"PRND",0.963123570599272,0.779601878643016
"AC134312.5",1.04007392038487,0.780140235460408
"IGLV9-49",0.988674104740163,0.780768549041446
"IGKJ1",0.992586715469029,0.781802181931113
"C2orf72",1.02071808921766,0.781854779394287
"AC004522.5",0.975947411026257,0.782502093968585
"AC009093.1",1.04081574082009,0.782540727178395
"ATP5F1D",1.02337564242357,0.782733400984515
"SYNDIG1",1.02333136570515,0.782807839755105
"TWIST1",1.02058034357863,0.784235479446633
"SHISA6",0.977444096300432,0.784291970092831
"IGHV3-69-1",0.98638602587281,0.784360970409215
"ADGRF5",1.02490125418871,0.784903500329096
"MT1G",1.01100699300829,0.784943986806612
"CFAP20DC",0.970188679867338,0.785076620405421
"IGHD",0.985212613478575,0.785205517838972
"DKK3",0.976528077765661,0.785956442294264
"MAP7D2",0.987712912193752,0.786767496035746
"PRF1",0.982052285437607,0.788247469694758
"IGLV4-69",0.991845328006179,0.791153195481212
"IDO1",0.986023778683992,0.791245583087497
"TBC1D10C",1.02703534192938,0.791670499270524
"CDKL5",1.03791762486099,0.792259018608555
"CD96",0.974249058874861,0.792262106218832
"IGLC3",1.00876506784247,0.792624623470574
"SH2D1B",1.04991931718466,0.793561172338595
"DKK2",0.979102818202277,0.793876407281361
"LINC01094",0.965006779010383,0.794800182943116
"APOL3",1.02106808008632,0.795866770407883
"PLAC8",0.988737388655207,0.795959591000503
"C17orf97",1.02830221851864,0.800642938775582
"IGLV2-5",0.988023945118691,0.803214579430558
"PAPPA",0.967728336857209,0.805425451963104
"IL17RD",1.02078664675455,0.805549538022092
"MS4A12",1.00752111186408,0.805685819901835
"CASP5",0.985167915121462,0.80587862549846
"TNFAIP6",1.0147298007112,0.806129811825083
"MRO",1.05199274965197,0.807958626602988
"GPC6",1.01916546589218,0.808561994916732
"IGHV4-61",0.990669070297505,0.80959886977713
"FBN1",1.01489906240122,0.810967321812801
"CDC42EP5",0.985048604231014,0.812465727132509
"MFAP2",1.01559828541888,0.812698621627436
"IGLV6-57",0.992623896094747,0.812862790473748
"COL1A2",1.01304964234518,0.813890554230749
"FOXC2",0.973782620451037,0.814479636804315
"C20orf144",0.950501635462007,0.814941983457802
"IL12RB1",0.977357035120714,0.814957339372358
"SULF1",1.0117277289306,0.817205125320185
"MTFP1",0.978718715623049,0.819412053995717
"LINC02669",0.891249832714225,0.819587189605201
"COL10A1",1.00875623607163,0.820291509159563
"RASL11A",0.985183691318915,0.821001006254034
"IGHJ3",1.00670588917285,0.821007324732525
"ITGB7",0.979208232442514,0.821379868456057
"TLR10",0.96894731279087,0.821568980843478
"ADAM12",1.01257440998477,0.825855435858263
"RTP4",1.019724097592,0.826246781512425
"RUNX2",1.02062983656316,0.826439375433635
"ARL10",1.03008971451876,0.827440901537074
"DERL3",0.981207009530129,0.827467279242971
"AKR7A3",0.982322329398888,0.828611013675589
"TENM2",1.05542343956084,0.82878358793965
"EMX2OS",1.04161829421631,0.828909185906935
"TTLL6",1.02305687936742,0.829359137687705
"GNLY",0.985905902543191,0.829460095872516
"CD74",0.985532611059936,0.829533746935102
"NR2F2-AS1",1.06413923202906,0.829882381575931
"IGLV2-23",0.993399737382836,0.830236000430755
"CA3-AS1",0.970760274724214,0.831841285060816
"IGHA2",1.00524879513784,0.832255823759304
"IGHV3-72",0.992831641098755,0.832270226699528
"AL163953.1",1.01641965917444,0.832301232247363
"IGKV3-15",0.99303474516106,0.832527844347056
"TET1",1.04117617433097,0.832655323810449
"COL5A2",0.987644347990713,0.835543545472015
"GPR176",1.01927232612586,0.83661913521671
"AURKAIP1",1.02004887983941,0.836986675609996
"TNFSF4",1.01723006123444,0.837525951012333
"TJP3",0.980815116680234,0.83759917922041
"VWA2",0.988533913059789,0.838740719281056
"NCR3",0.972215079140581,0.838927942162891
"NEK10",0.950719013757829,0.839549227878192
"IGKV3-7",1.00972773079817,0.839813173744963
"EMC6",1.01867257442758,0.844179409205425
"IGLV4-60",0.993147498440201,0.844769145376578
"AC079145.1",0.950072467053483,0.844825561509321
"GRAP2",0.972391258734992,0.845808758336906
"AL353593.1",0.926036551442648,0.84936673687322
"AIM2",1.01222514768401,0.851700713379901
"AC007128.1",1.01882879219983,0.854867532410497
"PCDHB9",0.980243768115592,0.855212903934922
"LOX",1.01262357282398,0.855534787303576
"CD79A",0.991660795311677,0.855730301347246
"SNHG14",1.02794684263882,0.856057358890282
"CD27",1.01394214645888,0.856941153532282
"CD7",1.01231155589051,0.856946522503935
"IGHV2-70D",0.992427024684719,0.857941302394317
"SCHIP1",1.05111306741379,0.859155799673116
"ITM2A",0.987932343039241,0.859616140983736
"PSME2P1",0.983639563370257,0.860058532687706
"CCDC148",0.961312543031393,0.860325864052521
"TMPRSS13",0.989416645106512,0.860857558209574
"ITM2C",1.01115853699635,0.861829057375723
"DNM3OS",0.982625686996704,0.862206032108043
"IGLC2",0.994045517331506,0.862222790441883
"HAS2",0.986265452997931,0.862995708503642
"CDH11",0.987970058756501,0.863422854336892
"GPR174",0.977577843876712,0.863615485898446
"DOK2",1.01324644224862,0.863618173519823
"HLA-DMB",0.987866219252567,0.863805434465417
"SALL4",1.01309492942404,0.863817506193859
"IKZF3",1.01481788489621,0.864634619134616
"TMEM37",1.01031976365904,0.865757475125566
"IGKC",1.0055736294697,0.865830419682805
"FSTL4",1.02309356246236,0.867197401555081
"MSC-AS1",0.970986122073328,0.869532320723541
"TMEM238",0.990081826210231,0.869988413474208
"SLC40A1",0.987012007582963,0.870510982664517
"MLF1",0.990207929712483,0.874615556530347
"RGS17",0.970837457484488,0.874944007854651
"COL6A3",1.00923737163049,0.875257906284616
"ITGAL",1.01448829934579,0.875642737143274
"APOL1",1.01010057228281,0.875810365163988
"GRASLND",0.962639690400842,0.876749525719606
"PRECSIT",1.01748663139254,0.876943465227123
"IGKV3-20",0.994995155145525,0.876995848225069
"CKMT1A",0.985709218628307,0.877155682949335
"PLPPR4",1.0200129498132,0.879249863193581
"POU2AF1",0.989855658614612,0.879901993254557
"KRT17",0.99371934703561,0.881226963485698
"NUDT8",0.988563068832249,0.882456621711488
"EDA2R",1.01459923305885,0.88277376089048
"IGKV3D-11",0.993377999018476,0.883583969895319
"MRPL12",1.0097401867598,0.884008649539113
"STYK1",0.987553065988469,0.885949581070794
"PMFBP1",1.01456570730217,0.885995113513359
"IGHJ2",0.995292369185315,0.886651642861044
"IGKV2-30",0.995255208332625,0.886676560108471
"SNCAIP",1.01175986668212,0.888996715056508
"AL157700.1",0.976694527381943,0.89072858029184
"MT1M",1.00512911750054,0.891866592679177
"WT1",1.0142099211829,0.892794572895293
"HLA-DPB1",1.0085303435086,0.894208108317037
"TMIGD2",1.01468574613478,0.894893331138575
"COL24A1",1.01881723685964,0.896191558113649
"ZNF354C",0.982429527730316,0.89871100264375
"THBS4-AS1",1.02531814641634,0.899682654094907
"GRM2",0.942135006550062,0.899749088805334
"CLDN7",0.98617064285492,0.900705215852805
"SIGLEC15",1.01042016798182,0.900736947211581
"PSME2P2",0.990095261602011,0.90155559009269
"TEX11",0.983258269186087,0.902534734325245
"ANOS1",0.991490305357863,0.903470524267824
"HLA-DRB1",1.00715247459948,0.905032498052556
"CFAP74",0.965075478010641,0.90576497553966
"TRGV10",0.987105700563342,0.906547694587435
"GUCY1A2",0.983917783545158,0.906758781456233
"GSDME",1.0129997646034,0.907396459653656
"IGLV3-10",1.00361140207524,0.908569698314328
"COL3A1",1.00629255832416,0.90918158234134
"FLJ46284",0.964362005436989,0.911339601292062
"AL109615.2",1.03716354171301,0.914325115766575
"HLA-G",0.992627829125733,0.914397657971428
"IGLV1-51",1.00525034859174,0.916729506014467
"FAM182B",1.0466280480723,0.917227698701939
"ARHGAP9",1.01041457372611,0.917642084139905
"XCL2",0.989216344381963,0.918249775678165
"TMEM156",0.986179193976773,0.920843556294114
"IGHV4-28",0.996014367733154,0.921835998856292
"IGHV4-4",0.996793465944923,0.922712389357921
"PLA2G2A",1.00271821435426,0.923171165428998
"AC107294.2",1.02757734738289,0.924187580660587
"IGHV3OR16-8",1.00620874905597,0.924536286871038
"NAT8B",1.00515594359481,0.924803633103757
"SLAMF6P1",1.00844199053237,0.925868850763949
"CCL5",0.994641161080644,0.926210088629108
"ASS1P1",0.988651675495892,0.927532472982034
"DCN",1.00487766048881,0.927776432809253
"FOXQ1",0.996237182357655,0.927821871683393
"IGF2",1.00368007857492,0.927957306498684
"IGHV3-49",0.99706845885503,0.929645493663076
"IGHV3-62",0.995279095517089,0.930015266746047
"IGHV3-71",0.994397014020844,0.930933564960458
"CD3E",0.993818991176854,0.93176555205126
"IGHV1OR15-2",1.00468226909911,0.93215950886433
"CYP7B1",0.992291242099664,0.932261982132994
"IGKV1-27",0.997126785544583,0.932619014028161
"IGHV1-3",0.997511955992999,0.93270780153239
"LUM",0.99547861781824,0.933684751119317
"ANGPT2",0.991096370558143,0.933972503448059
"BATF2",0.993321878314255,0.9368220643216
"TESPA1",1.01209678063095,0.937176807795251
"GDPD5",0.994986001063772,0.937492215207892
"DUOX2",1.00288371163263,0.937559474579115
"KLF4",0.994921585878855,0.939926747630218
"TAF5LP1",0.990953756004268,0.940198586862266
"IGLV3-21",1.00241805159632,0.940228801125187
"IGKV1-12",0.99738274622472,0.941348399736489
"PSME2",0.992056643180782,0.942644353403069
"IGKV1D-8",0.996695144201334,0.943452890124559
"MOV10L1",0.976843683827807,0.943780090574863
"IGLV2-11",0.997908227569038,0.94507539978874
"FASLG",1.00773732968082,0.945222762378647
"NLRP12",0.980191126407218,0.948865922904611
"MMP2",1.00366607977929,0.949043532340834
"KIAA1755",1.0071317262909,0.949136790026848
"CST4",1.00475565200976,0.949511914336936
"KIAA1549L",1.00585160878266,0.950426964769965
"IGKV3-11",0.998087333378636,0.950816970291406
"CTSW",1.00436714801676,0.951002800464778
"FAP",1.00374354231035,0.952304819904155
"IGLV1-44",0.998045292965143,0.952493021489013
"VCAN",0.996427448990157,0.952894012060114
"LOXL2",0.995407462234428,0.953063513536531
"SCEL",0.995809055750521,0.954986145101933
"WASF3",1.004769777616,0.955653494535755
"LGALS17A",1.00751486874083,0.955730932338172
"SQOR",0.994622252057747,0.95629889412084
"COL27A1",0.996244311534049,0.959693122406515
"CSMD2",0.990596301794347,0.959731421733155
"PCDHB3",0.991274301845249,0.959989146659143
"SIT1",1.00370643390564,0.962022496995164
"TCF4",1.00442571156296,0.964085485245098
"SCUBE3",1.00371140563986,0.964137774375618
"ZNF469",0.995797524613211,0.964590682055706
"XIRP1",0.991278433632946,0.965570107413392
"TNNT2",1.01091213288464,0.965584514523189
"IGHV3-30",1.00140031072295,0.965912940118135
"ADAMTS3",0.989735438663014,0.967256177974741
"TRAV13-1",1.00376220502192,0.968302583870554
"GLT8D2",1.00325117384966,0.968718101676442
"MZB1",1.00190807814436,0.969054677528955
"MCEMP1",0.996962371014364,0.969921938564596
"RFX8",1.00861315933735,0.970882165056419
"IGKV1D-12",0.997991740048365,0.971389777590377
"IGHJ4",0.998981068158237,0.971807492463156
"IGHV4-59",0.998900569023582,0.972902671920608
"PYHIN1",0.994970555434455,0.973327477175064
"ANTXR1",0.998149143715001,0.973854286182228
"TRBV19",1.00288847704384,0.977340189927873
"SCUBE1",1.00441747648812,0.977476265778337
"LMCD1-AS1",1.01114101811676,0.979388242600356
"RAB31",1.00161226271801,0.979631881647548
"LDLRAD3",1.00176155029338,0.982813136265696
"CORIN",0.997181904885183,0.982991627921216
"ZNF831",1.00553740625418,0.983726071287385
"DPM3",1.00156686390414,0.983937616851001
"PTPN7",0.998572643065101,0.984080628431175
"DTHD1",1.00575596088195,0.98428529296886
"FBXO6",1.00135810417338,0.988032783280572
"MT1F",1.00090478416012,0.988127586674764
"IGLV3-9",0.999459964252585,0.988291884455414
"IGHV4-55",1.00060393983786,0.988300408637955
"IGKV1-6",0.999488728490363,0.988301900812019
"IGHA1",0.999624965402747,0.989431740541608
"CPXM1",1.00086793394128,0.989630728774616
"SFN",0.999115542759636,0.990632482569494
"H4C5",1.00064980642799,0.991656354606715
"ITGA11",0.999314735495067,0.991690207591659
"AL158064.1",1.00255246003939,0.992754486048361
"IGHV3-19",1.00051134834654,0.993275317492292
"CD52",1.00057663430572,0.993298773057223
"TRBV29-1",1.00063702370918,0.994381780212356
"ULBP1",1.00093619952855,0.994424104848532
"HLA-DPA1",0.999640580502262,0.994899559795834
"ST6GAL2",0.999577738268984,0.99567024522731
"MESP1",1.00030181170821,0.99667280285146
"PSMB10",1.00038684547612,0.996725530993385
"SLAMF6",1.0002782482669,0.997290912087079
"IGHV5-51",0.999923708681604,0.998025612591521
"DOK6",0.99954767236247,0.99848670797078
"BCAT1",0.999909788737172,0.999091811069331
"RGS7BP",1.00012416293428,0.999459034359986
